6.520930361981992496e-01,1.065332411300011495e-01,9.770859479904174805e-01,1.597637832164764404e-01
7.761121163556692348e-01,1.268610086310607288e-01,9.588513970375061035e-01,1.572207659482955933e-01
8.536702789928236612e-01,1.363275973549750164e-01,1.041226983070373535e+00,1.596865504980087280e-01
9.072637322546547312e-01,1.418927476376140029e-01,1.084569215774536133e+00,1.608098149299621582e-01
9.494435791900313060e-01,1.462742163681906571e-01,1.123803853988647461e+00,1.650215685367584229e-01
9.801538089625353445e-01,1.498249222779541312e-01,1.128012061119079590e+00,1.678397059440612793e-01
1.013013926255742492e+00,1.524946283313009798e-01,1.195681810379028320e+00,1.677648723125457764e-01
1.039449950951254920e+00,1.549338014207045644e-01,1.198155045509338379e+00,1.702977418899536133e-01
1.065964134298929000e+00,1.567666716014711192e-01,1.238164186477661133e+00,1.687956452369689941e-01
1.093423095127136868e+00,1.580099076917841905e-01,1.283186554908752441e+00,1.659201085567474365e-01
1.121614280421387777e+00,1.591060964566516633e-01,1.324756383895874023e+00,1.660289019346237183e-01
1.149373365458320917e+00,1.606122571904393392e-01,1.352686524391174316e+00,1.713729649782180786e-01
1.178661472796759258e+00,1.618896830744226689e-01,1.397471904754638672e+00,1.705549955368041992e-01
1.208420188898772007e+00,1.629392696295138276e-01,1.430383205413818359e+00,1.693437397480010986e-01
1.235406269902222798e+00,1.637303515151503075e-01,1.426569342613220215e+00,1.674813181161880493e-01
1.262909150709811357e+00,1.646877524722385744e-01,1.454601764678955078e+00,1.699890941381454468e-01
1.293999728036126839e+00,1.660819735047621981e-01,1.515868902206420898e+00,1.755915880203247070e-01
1.330244670833262033e+00,1.675879855901952764e-01,1.596323370933532715e+00,1.778790056705474854e-01
1.368335813649210086e+00,1.693709916571498886e-01,1.642855882644653320e+00,1.820550560951232910e-01
1.408281641560867881e+00,1.716284139753658788e-01,1.690387725830078125e+00,1.885872334241867065e-01
1.449586533926478404e+00,1.742019451986874523e-01,1.733552813529968262e+00,1.936351954936981201e-01
1.488524309534677403e+00,1.766412842903500036e-01,1.736326813697814941e+00,1.938691884279251099e-01
1.530882858894236698e+00,1.794960765273516390e-01,1.802686333656311035e+00,2.001800686120986938e-01
1.570053098838262828e+00,1.821058947656107874e-01,1.797966480255126953e+00,1.994141787290573120e-01
1.609006503419751599e+00,1.847786084960547359e-01,1.825174331665039062e+00,2.019878625869750977e-01
1.650769731659605055e+00,1.877373245886510000e-01,1.886639237403869629e+00,2.071360945701599121e-01
1.692396317937648220e+00,1.905641681644321961e-01,1.917513847351074219e+00,2.078386843204498291e-01
1.729672093012396772e+00,1.934308709432667472e-01,1.901716351509094238e+00,2.104375362396240234e-01
1.766389076744635744e+00,1.960945377433720993e-01,1.926334023475646973e+00,2.103782445192337036e-01
1.803307291649975053e+00,1.985390095397158994e-01,1.959630370140075684e+00,2.100438177585601807e-01
1.842473897555208628e+00,2.003449193353654678e-01,2.016752719879150391e+00,2.048271745443344116e-01
1.882288465918779297e+00,2.016395400347772981e-01,2.057618379592895508e+00,2.006287574768066406e-01
1.922378672412195399e+00,2.027788339388988670e-01,2.095104932785034180e+00,2.001533210277557373e-01
1.965132945950871957e+00,2.042838745814646029e-01,2.160877704620361328e+00,2.055944651365280151e-01
2.009225929282896228e+00,2.060587647702168124e-01,2.213639974594116211e+00,2.101984322071075439e-01
2.056355322432400712e+00,2.081612209429988258e-01,2.287860870361328125e+00,2.157019674777984619e-01
2.103105810837208711e+00,2.102271844928265132e-01,2.324391603469848633e+00,2.171582281589508057e-01
2.146454669854567676e+00,2.120284720507472909e-01,2.324780941009521484e+00,2.158624231815338135e-01
2.189482131854532554e+00,2.138031752738279723e-01,2.359913587570190430e+00,2.172342538833618164e-01
2.232188107711806868e+00,2.157107829567541379e-01,2.395039796829223633e+00,2.205379158258438110e-01
2.274383962862196462e+00,2.174760580627292661e-01,2.427798986434936523e+00,2.205658704042434692e-01
2.315282454138927637e+00,2.191720008323094770e-01,2.450506448745727539e+00,2.213846743106842041e-01
2.360055514256271803e+00,2.205511182141909332e-01,2.537404775619506836e+00,2.190271914005279541e-01
2.405291928406025015e+00,2.217332665938735459e-01,2.584523916244506836e+00,2.179122567176818848e-01
2.449821411973183150e+00,2.226362742440531339e-01,2.617193937301635742e+00,2.155586928129196167e-01
2.493310415129018853e+00,2.233374566368847292e-01,2.645053625106811523e+00,2.139506042003631592e-01
2.535744591946068383e+00,2.238439606577772023e-01,2.671916723251342773e+00,2.122430950403213501e-01
2.578848021824261316e+00,2.242215357700690082e-01,2.720848083496093750e+00,2.112200856208801270e-01
2.618385028672084225e+00,2.245001110793038990e-01,2.713593721389770508e+00,2.104690372943878174e-01
2.656727461318215244e+00,2.248803516662450930e-01,2.735307693481445312e+00,2.123410552740097046e-01
2.697655112978171399e+00,2.255948937193993642e-01,2.807868719100952148e+00,2.174945026636123657e-01
2.738229006501890606e+00,2.265159049629293653e-01,2.842140913009643555e+00,2.211831063032150269e-01
2.777834669434385617e+00,2.275112078982798602e-01,2.867521524429321289e+00,2.232091128826141357e-01
2.816162486333067427e+00,2.285147832176084581e-01,2.887644052505493164e+00,2.243668735027313232e-01
2.853364196180880885e+00,2.295947092631270281e-01,2.908763170242309570e+00,2.265061140060424805e-01
2.889225476297987871e+00,2.305817902038028722e-01,2.925729990005493164e+00,2.262659072875976562e-01
2.924085928917725230e+00,2.314037019671962847e-01,2.946400642395019531e+00,2.248759716749191284e-01
2.959904626232519931e+00,2.322068556738310641e-01,2.995092391967773438e+00,2.254895567893981934e-01
2.997366307515389128e+00,2.327009833311870224e-01,3.054952383041381836e+00,2.217454910278320312e-01
3.035328012428024191e+00,2.331175037208323697e-01,3.099171400070190430e+00,2.211914509534835815e-01
3.073497449356131561e+00,2.335674010292805858e-01,3.139443159103393555e+00,2.222495079040527344e-01
3.110780204388355230e+00,2.339356511653758186e-01,3.163094043731689453e+00,2.215650230646133423e-01
3.147220106448480603e+00,2.341137579717559591e-01,3.186587810516357422e+00,2.191108763217926025e-01
3.182488155949083186e+00,2.342659979909971768e-01,3.204117059707641602e+00,2.190457433462142944e-01
3.220810236049158615e+00,2.346699255739023438e-01,3.287463665008544922e+00,2.233475744724273682e-01
3.256764795480691976e+00,2.352061903540561549e-01,3.287097692489624023e+00,2.259810864925384521e-01
3.292861186831056219e+00,2.357105358788383620e-01,3.324943304061889648e+00,2.260894030332565308e-01
3.329995118331629200e+00,2.363100691771382877e-01,3.377519607543945312e+00,2.282338738441467285e-01
3.364955402084964575e+00,2.370589123489325878e-01,3.378357887268066406e+00,2.313573211431503296e-01
3.399255871668512619e+00,2.378469730071365862e-01,3.402188539505004883e+00,2.327990531921386719e-01
3.431372382258861098e+00,2.386715486305262535e-01,3.399907112121582031e+00,2.342322617769241333e-01
3.465612337137321752e+00,2.396361302160636142e-01,3.468124389648437500e+00,2.374442368745803833e-01
3.498429270442797279e+00,2.405058948931830809e-01,3.478103876113891602e+00,2.367990463972091675e-01
3.530866066964275962e+00,2.412809984500139948e-01,3.504583358764648438e+00,2.360646277666091919e-01
3.562481277922580514e+00,2.419668546937127629e-01,3.523066282272338867e+00,2.353318333625793457e-01
3.593569054959040443e+00,2.424320722609750456e-01,3.545875787734985352e+00,2.322243750095367432e-01
3.622658683063167739e+00,2.427715387984675788e-01,3.542363405227661133e+00,2.305689305067062378e-01
3.651252421577809049e+00,2.429739394449299261e-01,3.563490152359008789e+00,2.285910695791244507e-01
3.679177223811901598e+00,2.431725901950586022e-01,3.581045627593994141e+00,2.288549691438674927e-01
3.706326520018112358e+00,2.432879902328597410e-01,3.596035003662109375e+00,2.276861816644668579e-01
3.733939602053855111e+00,2.434228574376560428e-01,3.632670402526855469e+00,2.282924652099609375e-01
3.760525069432441025e+00,2.436905803256456393e-01,3.642580032348632812e+00,2.309789657592773438e-01
3.788350938888036978e+00,2.439546423991765522e-01,3.693073272705078125e+00,2.312868386507034302e-01
3.815524561687325455e+00,2.440674786500968141e-01,3.709793090820312500e+00,2.288659811019897461e-01
3.841972458023841241e+00,2.439858558043068448e-01,3.724517822265625000e+00,2.254972457885742188e-01
3.866712302316924532e+00,2.439036854111145680e-01,3.720172882080078125e+00,2.255695909261703491e-01
3.890811615608019025e+00,2.436763916805008701e-01,3.734298706054687500e+00,2.229177802801132202e-01
3.915313453205033323e+00,2.438143894905444031e-01,3.767560482025146484e+00,2.297950834035873413e-01
3.938580562980772637e+00,2.440707672511742699e-01,3.769976139068603516e+00,2.323059439659118652e-01
3.961741845024373987e+00,2.442460817907081416e-01,3.792865753173828125e+00,2.311015874147415161e-01
3.984496881896528286e+00,2.444154776493606962e-01,3.809841871261596680e+00,2.312697470188140869e-01
4.005706344363530569e+00,2.445042940782745922e-01,3.804317951202392578e+00,2.299825251102447510e-01
4.029517773418661797e+00,2.445656330879211748e-01,3.878262042999267578e+00,2.296552658081054688e-01
4.053051050928414334e+00,2.445637503263166646e-01,3.898080110549926758e+00,2.285997718572616577e-01
4.076144365253104418e+00,2.444473154091741096e-01,3.914433002471923828e+00,2.264718860387802124e-01
4.097620664780505351e+00,2.441854566553093575e-01,3.907021045684814453e+00,2.236248552799224854e-01
4.119576394170211486e+00,2.440389433217708126e-01,3.939905881881713867e+00,2.258415520191192627e-01
4.141119607041051864e+00,2.440114024493680311e-01,3.955334901809692383e+00,2.282342016696929932e-01
4.162134202402383742e+00,2.440131976896673105e-01,3.968031167984008789e+00,2.289281934499740601e-01
4.181803187193778193e+00,2.439230376223987806e-01,3.963693380355834961e+00,2.271925508975982666e-01
4.202375727278147011e+00,2.440672787784285980e-01,4.003856182098388672e+00,2.320089936256408691e-01
4.223361788917437742e+00,2.444014371784090922e-01,4.034801006317138672e+00,2.361267060041427612e-01
4.243972357714309140e+00,2.447136028345289205e-01,4.049903392791748047e+00,2.360647320747375488e-01
4.263983883302787881e+00,2.449100681755055631e-01,4.060040950775146484e+00,2.340502142906188965e-01
4.282869486278839233e+00,2.450445527259223211e-01,4.058712005615234375e+00,2.330438941717147827e-01
4.302859625209476846e+00,2.454102751794006720e-01,4.102749347686767578e+00,2.380799502134323120e-01
4.322802189326214517e+00,2.459128876079550441e-01,4.123685359954833984e+00,2.413502931594848633e-01
4.342665475401567221e+00,2.463814749605572341e-01,4.143895626068115234e+00,2.411570698022842407e-01
4.362039764965515154e+00,2.466888925324086934e-01,4.155389785766601562e+00,2.382561266422271729e-01
4.380519556990417840e+00,2.470281564877349900e-01,4.157861709594726562e+00,2.392930239439010620e-01
4.397738905350175642e+00,2.471535001053571934e-01,4.151761531829833984e+00,2.351417243480682373e-01
4.415820594095044349e+00,2.474741913881786659e-01,4.189754009246826172e+00,2.395202517509460449e-01
4.433808090338944297e+00,2.479472353277764052e-01,4.208028316497802734e+00,2.431495785713195801e-01
4.451347151732766072e+00,2.485222923292602082e-01,4.218599319458007812e+00,2.458311766386032104e-01
4.467636152393551718e+00,2.488778042408688052e-01,4.211499214172363281e+00,2.416773885488510132e-01
4.483260524023394922e+00,2.493037241474651833e-01,4.215942859649658203e+00,2.435978353023529053e-01
4.498634210727283644e+00,2.495242404428263394e-01,4.228762626647949219e+00,2.395995259284973145e-01
4.514660366423544957e+00,2.495028455087928976e-01,4.260985851287841797e+00,2.346296459436416626e-01
4.529729483949182622e+00,2.493070320039181276e-01,4.258628845214843750e+00,2.309235632419586182e-01
4.544977176879032577e+00,2.488954270065655838e-01,4.280283927917480469e+00,2.261611670255661011e-01
4.390125309049420110e+00,2.311160900495646542e-01,4.299029350280761719e+00,2.219154834747314453e-01
4.383427576963373262e+00,2.244683668325819503e-01,4.332237243652343750e+00,2.135952711105346680e-01
4.396381727277866247e+00,2.209407310294754234e-01,4.360254764556884766e+00,2.106778472661972046e-01
4.410838225091469944e+00,2.198699086303637362e-01,4.366220474243164062e+00,2.140640020370483398e-01
4.427131522596212676e+00,2.177277693712445228e-01,4.378996849060058594e+00,2.058740258216857910e-01
4.443312649610958509e+00,2.165550973537924973e-01,4.385803699493408203e+00,2.074491828680038452e-01
4.458716636743230488e+00,2.144959540521930996e-01,4.388972282409667969e+00,1.990134119987487793e-01
4.473265559683447634e+00,2.115329719700271560e-01,4.391160488128662109e+00,1.886936724185943604e-01
4.485543022457019191e+00,2.083768974638894877e-01,4.381790161132812500e+00,1.825858056545257568e-01
4.497720651678896786e+00,2.043836816018401170e-01,4.388344764709472656e+00,1.711229830980300903e-01
4.509099627791303355e+00,2.001736267063232155e-01,4.390350341796875000e+00,1.642623543739318848e-01
4.524466640335552903e+00,1.975508260920428860e-01,4.436584949493408203e+00,1.740709394216537476e-01
4.544446281599099358e+00,1.962445778082346215e-01,4.495024681091308594e+00,1.837382763624191284e-01
4.564759670375576839e+00,1.958712845877071673e-01,4.518612384796142578e+00,1.914159506559371948e-01
4.584165922706199048e+00,1.958946885040501185e-01,4.530951499938964844e+00,1.949276179075241089e-01
4.601340558271614256e+00,1.951098950255699127e-01,4.529904365539550781e+00,1.871166229248046875e-01
4.617559474619322479e+00,1.932742164340525981e-01,4.539716720581054688e+00,1.762934625148773193e-01
4.634666816465208505e+00,1.909604101565425260e-01,4.567017078399658203e+00,1.702993512153625488e-01
4.652931666554477097e+00,1.883544483607691999e-01,4.597688198089599609e+00,1.658045649528503418e-01
4.671228683570911144e+00,1.846523501972051340e-01,4.618171215057373047e+00,1.532444506883621216e-01
4.689247030549404727e+00,1.805001307803598132e-01,4.635611534118652344e+00,1.462471783161163330e-01
4.705197530491123104e+00,1.769052486053673545e-01,4.635310173034667969e+00,1.487668603658676147e-01
4.720871030916535815e+00,1.729712137829766405e-01,4.651034355163574219e+00,1.428526788949966431e-01
4.735653202452543731e+00,1.688989684283360160e-01,4.660442352294921875e+00,1.386222839355468750e-01
4.747772903847426562e+00,1.647256402527018104e-01,4.651769161224365234e+00,1.346021294593811035e-01
4.756682975335393415e+00,1.606231962563986204e-01,4.635696411132812500e+00,1.321341991424560547e-01
4.769124653665680391e+00,1.559299706752057257e-01,4.683216094970703125e+00,1.231677830219268799e-01
4.781062979060635598e+00,1.516412817026239757e-01,4.693443775177001953e+00,1.234888210892677307e-01
4.794400081869279795e+00,1.472995484786156217e-01,4.721861362457275391e+00,1.195404231548309326e-01
4.806677210925505150e+00,1.437476417897115832e-01,4.726881504058837891e+00,1.238260045647621155e-01
4.819501789555937776e+00,1.390017646350194258e-01,4.746883392333984375e+00,1.090014278888702393e-01
4.834920485806253332e+00,1.334227433316449440e-01,4.787550449371337891e+00,9.679244458675384521e-02
4.850203405178158178e+00,1.273019881926722718e-01,4.802874565124511719e+00,8.678037673234939575e-02
4.864210894842701194e+00,1.208899830958166527e-01,4.806565284729003906e+00,7.878722995519638062e-02
4.875052034335421780e+00,1.151497281157380925e-01,4.790050506591796875e+00,8.021606504917144775e-02
4.886543683067992028e+00,1.090745973230678872e-01,4.809564590454101562e+00,7.192663848400115967e-02
4.898086280374639223e+00,1.024085997332726122e-01,4.823392391204833984e+00,6.069885939359664917e-02
4.908335493783297032e+00,9.506050054444757647e-02,4.823373794555664062e+00,4.799029976129531860e-02
4.916682003674863743e+00,8.840689148637330408e-02,4.815880775451660156e+00,4.885905236005783081e-02
4.927674373674786779e+00,8.163303174238976945e-02,4.853880882263183594e+00,4.181342944502830505e-02
4.938425705272385002e+00,7.525899870987257101e-02,4.863910675048828125e+00,4.005417600274085999e-02
4.949151053257018873e+00,6.852328196681570227e-02,4.875919818878173828e+00,3.060341626405715942e-02
4.960456007083420715e+00,6.129379999503800636e-02,4.894238471984863281e+00,1.941071636974811554e-02
4.970964677742252924e+00,5.306732789103352221e-02,4.898373603820800781e+00,2.405199455097317696e-03
4.983499645685434132e+00,4.467517048052892931e-02,4.931945323944091797e+00,-6.616107653826475143e-03
4.995615486375191594e+00,3.643678337308355053e-02,4.940932273864746094e+00,-1.238427683711051941e-02
5.005532166664900195e+00,2.918668946427812813e-02,4.930250167846679688e+00,-9.022406302392482758e-03
5.014099487012144252e+00,2.222902168888093305e-02,4.926842689514160156e+00,-1.239676028490066528e-02
5.024344066365919126e+00,1.504757997534436273e-02,4.955331802368164062e+00,-2.118866331875324249e-02
5.034215444199837464e+00,7.748690490024870425e-03,4.962674617767333984e+00,-2.902860753238201141e-02
5.043618556881006576e+00,-1.194793839765125043e-05,4.968595027923583984e+00,-4.080544039607048035e-02
5.051899362685152717e+00,-7.558554834008104212e-03,4.966780185699462891e+00,-4.548775032162666321e-02
5.062530213713818839e+00,-1.522729645406040687e-02,5.002798557281494141e+00,-5.376438796520233154e-02
5.071482172530755506e+00,-2.286371019854486347e-02,4.995522499084472656e+00,-6.043002381920814514e-02
5.081556172592335940e+00,-3.057071789488551017e-02,5.018410205841064453e+00,-6.824939697980880737e-02
5.090767810599639454e+00,-3.696754606472073268e-02,5.019699573516845703e+00,-6.045215949416160583e-02
5.101758545701305714e+00,-4.568118786821497718e-02,5.050373077392578125e+00,-9.294485300779342651e-02
5.111598844568294275e+00,-5.398580476542975265e-02,5.048964500427246094e+00,-9.620940685272216797e-02
5.119955566021646476e+00,-6.238590358267664948e-02,5.042675018310546875e+00,-1.049494519829750061e-01
5.129006536489304047e+00,-7.177721293822816873e-02,5.060280323028564453e+00,-1.241679340600967407e-01
5.136617889972016293e+00,-8.007303457183762019e-02,5.053637981414794922e+00,-1.199952661991119385e-01
5.146441897440827695e+00,-8.857434475255838990e-02,5.088385581970214844e+00,-1.300795972347259521e-01
5.156158747633951656e+00,-9.785235098375492935e-02,5.097828865051269531e+00,-1.470635086297988892e-01
5.166521335629444600e+00,-1.075633759721373317e-01,5.116030693054199219e+00,-1.606960892677307129e-01
5.176368097149105729e+00,-1.167872520051602692e-01,5.121038436889648438e+00,-1.638391762971878052e-01
5.183909500779523505e+00,-1.260282628269916994e-01,5.104321002960205078e+00,-1.725606173276901245e-01
5.193443109276853598e+00,-1.377920203829857693e-01,5.136795997619628906e+00,-2.111839801073074341e-01
5.204575626844185621e+00,-1.506466675577012027e-01,5.166289329528808594e+00,-2.349034696817398071e-01
5.214180477507135869e+00,-1.640134770680850840e-01,5.159625053405761719e+00,-2.526525855064392090e-01
5.225904912797187940e+00,-1.790958749202301026e-01,5.195556163787841797e+00,-2.853749096393585205e-01
5.237405920390913572e+00,-1.946965262646590256e-01,5.205002307891845703e+00,-3.051497638225555420e-01
5.249241709801650835e+00,-2.094232627643927425e-01,5.221014499664306641e+00,-3.085243701934814453e-01
5.259527628858455373e+00,-2.249280786937534193e-01,5.214383125305175781e+00,-3.312637507915496826e-01
5.270315476052826575e+00,-2.397740410684364720e-01,5.231428623199462891e+00,-3.371755480766296387e-01
5.281003006622824181e+00,-2.542202765884330473e-01,5.241529464721679688e+00,-3.457132577896118164e-01
5.290717437214278007e+00,-2.671760231099130634e-01,5.240822315216064453e+00,-3.405433297157287598e-01
5.301082831936671624e+00,-2.815617203379329747e-01,5.259244441986083984e+00,-3.700394332408905029e-01
5.309328535237256119e+00,-2.964811782695812026e-01,5.244034767150878906e+00,-3.897382915019989014e-01
5.316055556781144276e+00,-3.109584402844140505e-01,5.234411239624023438e+00,-3.978501856327056885e-01
5.324437983538587105e+00,-3.267827274209292310e-01,5.262815475463867188e+00,-4.277889728546142578e-01
5.332813777246449227e+00,-3.432516432951156493e-01,5.271973133087158203e+00,-4.501838684082031250e-01
5.341847638032376722e+00,-3.598223215750694925e-01,5.289391517639160156e+00,-4.663971364498138428e-01
5.349667749891328761e+00,-3.776601506127905683e-01,5.283991336822509766e+00,-4.972755610942840576e-01
5.356147368788958474e+00,-3.955050777866285228e-01,5.275946140289306641e+00,-5.135046243667602539e-01
5.366565633342635699e+00,-4.137875425305162502e-01,5.332929134368896484e+00,-5.351655483245849609e-01
5.376590193174892285e+00,-4.310874201140563189e-01,5.338848114013671875e+00,-5.393868088722229004e-01
5.384555561208508756e+00,-4.472156006007255158e-01,5.323453426361083984e+00,-5.404103398323059082e-01
5.393669311566291924e+00,-4.651620160064929843e-01,5.346739292144775391e+00,-5.781648159027099609e-01
5.402222560512268679e+00,-4.820504753564477385e-01,5.349403381347656250e+00,-5.811567306518554688e-01
5.412963894642289553e+00,-5.002168228366355995e-01,5.386369705200195312e+00,-6.128351688385009766e-01
5.408704613821320173e+00,-5.836740798294440813e-01,5.400086402893066406e+00,-6.210477352142333984e-01
5.407077503207715630e+00,-6.105006364387379758e-01,5.385218143463134766e+00,-6.376460790634155273e-01
5.407236352927692558e+00,-6.263559985877412695e-01,5.375432014465332031e+00,-6.441213488578796387e-01
5.407655357370373395e+00,-6.416968587798881352e-01,5.364461421966552734e+00,-6.645505428314208984e-01
5.414260015238353319e+00,-6.604487165389298919e-01,5.386695861816406250e+00,-7.043327093124389648e-01
5.422345895431556428e+00,-6.799597142015356699e-01,5.397203445434570312e+00,-7.364140748977661133e-01
5.427318302512974313e+00,-6.984997240098512750e-01,5.379456996917724609e+00,-7.573180794715881348e-01
5.435259636595286992e+00,-7.154505578700636192e-01,5.402482509613037109e+00,-7.698606252670288086e-01
5.443288969020645851e+00,-7.315816548694965560e-01,5.408485412597656250e+00,-7.842471003532409668e-01
5.450927357518597915e+00,-7.450630145329977250e-01,5.410919189453125000e+00,-7.792013883590698242e-01
5.457182690664560631e+00,-7.588646542430349529e-01,5.403709888458251953e+00,-7.970551252365112305e-01
5.463557700735703904e+00,-7.730116179586768999e-01,5.410061836242675781e+00,-8.151121735572814941e-01
5.469175992953770660e+00,-7.856721117984029057e-01,5.408246040344238281e+00,-8.140909671783447266e-01
5.473387759493895111e+00,-7.989582498212832729e-01,5.399263858795166016e+00,-8.332393169403076172e-01
5.477610162260818427e+00,-8.120310209251195843e-01,5.404752254486083984e+00,-8.436817526817321777e-01
5.482226485328627774e+00,-8.253973778754575275e-01,5.415005207061767578e+00,-8.592230081558227539e-01
5.485187598121529007e+00,-8.389270482393748063e-01,5.403362751007080078e+00,-8.733836412429809570e-01
5.487366402924140907e+00,-8.547499853962962080e-01,5.400480747222900391e+00,-9.111464619636535645e-01
5.491281838338450960e+00,-8.703492095864731048e-01,5.425266265869140625e+00,-9.223339557647705078e-01
5.495059442262791194e+00,-8.855550506759428675e-01,5.430305957794189453e+00,-9.314543604850769043e-01
5.497768403301773965e+00,-8.990140584234822541e-01,5.424886703491210938e+00,-9.252957105636596680e-01
5.499420844683093001e+00,-9.124809625366328003e-01,5.418926239013671875e+00,-9.377318620681762695e-01
5.501124964004938001e+00,-9.269811560754475099e-01,5.424577713012695312e+00,-9.616315364837646484e-01
5.501104637321459379e+00,-9.415652167392228877e-01,5.410307407379150391e+00,-9.756068587303161621e-01
5.499847955518739617e+00,-9.555569715369667261e-01,5.400275230407714844e+00,-9.821838140487670898e-01
5.498575951708412290e+00,-9.690297756433190468e-01,5.402877807617187500e+00,-9.893142580986022949e-01
5.499860945386718214e+00,-9.836155003195422575e-01,5.433953285217285156e+00,-1.014441967010498047e+00
5.498489553543625341e+00,-9.988033819816751757e-01,5.407945156097412109e+00,-1.034614682197570801e+00
5.493643612696359035e+00,-1.014747274563387647e+00,5.370780467987060547e+00,-1.057004928588867188e+00
5.488838040967398690e+00,-1.031595284066788798e+00,5.370715141296386719e+00,-1.081685900688171387e+00
5.486844704354737701e+00,-1.049305471601990059e+00,5.401850223541259766e+00,-1.106641888618469238e+00
5.485777164680154527e+00,-1.066296303124191658e+00,5.413178443908691406e+00,-1.114276647567749023e+00
5.483780429483691599e+00,-1.085042171551505064e+00,5.403656482696533203e+00,-1.149976491928100586e+00
5.481424368969705974e+00,-1.103072702480862866e+00,5.399859428405761719e+00,-1.158508777618408203e+00
5.478408061479306035e+00,-1.123001429689574282e+00,5.392095088958740234e+00,-1.197136044502258301e+00
5.476036144248176640e+00,-1.143351577097429628e+00,5.398998260498046875e+00,-1.220012903213500977e+00
5.474439378849959681e+00,-1.164838420034735034e+00,5.407822132110595703e+00,-1.251869678497314453e+00
5.473018659697395094e+00,-1.185306143653984234e+00,5.409978389739990234e+00,-1.258970379829406738e+00
5.471388477788382332e+00,-1.206572513466144247e+00,5.407511234283447266e+00,-1.287342190742492676e+00
5.470571499728507980e+00,-1.229201858820330617e+00,5.417263507843017578e+00,-1.323409557342529297e+00
5.470830844480637722e+00,-1.251781506810762945e+00,5.430883407592773438e+00,-1.343347430229187012e+00
5.470664724576089100e+00,-1.276255230582018951e+00,5.426660060882568359e+00,-1.387601733207702637e+00
5.470560584281180638e+00,-1.300944792334191691e+00,5.428148746490478516e+00,-1.412518143653869629e+00
5.470301847121159966e+00,-1.325268743456401888e+00,5.426885604858398438e+00,-1.430353403091430664e+00
5.469586142650988414e+00,-1.349761600894741287e+00,5.421545028686523438e+00,-1.454853415489196777e+00
5.468439101313377293e+00,-1.374289121519156387e+00,5.416074752807617188e+00,-1.477866888046264648e+00
5.466999744934585514e+00,-1.398707182840016161e+00,5.411988735198974609e+00,-1.499114751815795898e+00
5.465491481795395678e+00,-1.422364229282096160e+00,5.410554885864257812e+00,-1.511688590049743652e+00
5.463880845655377350e+00,-1.445051202222405795e+00,5.408562183380126953e+00,-1.520820379257202148e+00
5.462035081516514623e+00,-1.465381348674899220e+00,5.404627799987792969e+00,-1.510264754295349121e+00
5.460131725794301616e+00,-1.484820953830656709e+00,5.402869701385498047e+00,-1.517667412757873535e+00
5.457181198130075295e+00,-1.502477339830373904e+00,5.387280464172363281e+00,-1.511859536170959473e+00
5.452879764567644116e+00,-1.520637441702643367e+00,5.366393089294433594e+00,-1.536460757255554199e+00
5.448053963471203964e+00,-1.539623839590407606e+00,5.355893135070800781e+00,-1.566125392913818359e+00
5.444058631128709358e+00,-1.558956921282073305e+00,5.364262104034423828e+00,-1.589717984199523926e+00
5.440812601464957154e+00,-1.578760555448012193e+00,5.372207641601562500e+00,-1.615452647209167480e+00
5.437888448649165873e+00,-1.597692272986636741e+00,5.374581336975097656e+00,-1.622006773948669434e+00
5.435206288357989912e+00,-1.616664225989429271e+00,5.376053333282470703e+00,-1.641224026679992676e+00
5.432450124888709375e+00,-1.636875025991118004e+00,5.373011112213134766e+00,-1.678398370742797852e+00
5.428869438608367126e+00,-1.657867604166088693e+00,5.358546257019042969e+00,-1.709886431694030762e+00
5.424960168736877364e+00,-1.677912726949885469e+00,5.350817203521728516e+00,-1.715791702270507812e+00
5.420560796688933536e+00,-1.698691778961248122e+00,5.340256690979003906e+00,-1.746677637100219727e+00
5.416009531734805371e+00,-1.720400330785769372e+00,5.334450721740722656e+00,-1.781329870223999023e+00
5.412723392612858397e+00,-1.742340725049490446e+00,5.350707054138183594e+00,-1.805953502655029297e+00
5.410610766027386553e+00,-1.764996849353563935e+00,5.366715908050537109e+00,-1.838487267494201660e+00
5.409480450958128017e+00,-1.787985608691207595e+00,5.380789279937744141e+00,-1.865610361099243164e+00
5.409047530441482898e+00,-1.810257294834548558e+00,5.391206741333007812e+00,-1.876139163970947266e+00
5.409807370975951102e+00,-1.834285625528832453e+00,5.410359382629394531e+00,-1.926271915435791016e+00
5.408528705244436630e+00,-1.859889877570075178e+00,5.377581596374511719e+00,-1.975157380104064941e+00
5.407823808956372602e+00,-1.885604785157664720e+00,5.386118888854980469e+00,-2.001311063766479492e+00
5.408339168361068872e+00,-1.911133519986325968e+00,5.406010627746582031e+00,-2.022638082504272461e+00
5.409398098800531685e+00,-1.936736781896568838e+00,5.415670871734619141e+00,-2.048206329345703125e+00
5.411016072427750956e+00,-1.961078344679517027e+00,5.426118850708007812e+00,-2.051158189773559570e+00
5.412184979828994713e+00,-1.986786813460864831e+00,5.419831275939941406e+00,-2.097963809967041016e+00
5.412936303579669151e+00,-2.012260216923110079e+00,5.413658142089843750e+00,-2.118429660797119141e+00
5.413930154089589664e+00,-2.037540274194216128e+00,5.418579101562500000e+00,-2.139417648315429688e+00
5.415426935756189941e+00,-2.062794680567989314e+00,5.428302764892578125e+00,-2.163182735443115234e+00
5.417237795870711636e+00,-2.087575393394617507e+00,5.435170173645019531e+00,-2.179019451141357422e+00
5.418550020340637374e+00,-2.111366102289709001e+00,5.427862167358398438e+00,-2.185222625732421875e+00
5.417844215711030031e+00,-2.134912210699167368e+00,5.392814159393310547e+00,-2.203872919082641602e+00
5.417767552106096396e+00,-2.160310622627373611e+00,5.403694152832031250e+00,-2.260205268859863281e+00
5.418075253137214276e+00,-2.184512702511655746e+00,5.410712718963623047e+00,-2.262812852859497070e+00
5.418289310905596068e+00,-2.210246328877770061e+00,5.409331798553466797e+00,-2.314304351806640625e+00
5.417609898558117365e+00,-2.236548229540114452e+00,5.393099784851074219e+00,-2.349479675292968750e+00
5.416431190068814239e+00,-2.263241807314909870e+00,5.383346080780029297e+00,-2.381925821304321289e+00
5.415810555866335640e+00,-2.289786455937766974e+00,5.392892837524414062e+00,-2.404646873474121094e+00
5.415986384371392681e+00,-2.314676148579493109e+00,5.407446861267089844e+00,-2.398897886276245117e+00
5.416543443674191494e+00,-2.339407616668650824e+00,5.414880275726318359e+00,-2.419960975646972656e+00
5.417344369239240010e+00,-2.364346263054540209e+00,5.420051574707031250e+00,-2.447850704193115234e+00
5.417913845504207515e+00,-2.390486197302602367e+00,5.416337013244628906e+00,-2.495004415512084961e+00
5.418597020484116733e+00,-2.415597345979065835e+00,5.419064521789550781e+00,-2.500274419784545898e+00
5.417983674163121321e+00,-2.442137561688009662e+00,5.394539833068847656e+00,-2.552283287048339844e+00
5.416623035116750806e+00,-2.468971151755888993e+00,5.379530429840087891e+00,-2.583467721939086914e+00
5.414788835606729300e+00,-2.493939187603539054e+00,5.369198799133300781e+00,-2.572579145431518555e+00
5.412483543657840457e+00,-2.519173610447012379e+00,5.358475685119628906e+00,-2.602041244506835938e+00
5.409957395195591268e+00,-2.544570605365799931e+00,5.352277755737304688e+00,-2.629697799682617188e+00
5.407644099141403871e+00,-2.570060269849373302e+00,5.354518413543701172e+00,-2.656118631362915039e+00
5.405335270267564773e+00,-2.595406585927232612e+00,5.352771759033203125e+00,-2.677903652191162109e+00
5.403047736578566962e+00,-2.619487240962320218e+00,5.351362705230712891e+00,-2.676964282989501953e+00
5.401192643176266017e+00,-2.643914625549204978e+00,5.358288764953613281e+00,-2.707516193389892578e+00
5.400393003449526219e+00,-2.670407887145679116e+00,5.378271102905273438e+00,-2.773348569869995117e+00
5.400170163050219685e+00,-2.696794802188832829e+00,5.389422893524169922e+00,-2.796670675277709961e+00
5.400107652876562803e+00,-2.725319217890600942e+00,5.392543792724609375e+00,-2.865964412689208984e+00
5.399527879876044878e+00,-2.753898502391831649e+00,5.381836891174316406e+00,-2.894246578216552734e+00
5.397434399541626071e+00,-2.782616179195276374e+00,5.350030422210693359e+00,-2.924321174621582031e+00
5.395793321654122288e+00,-2.811231989190378755e+00,5.357763767242431641e+00,-2.949535608291625977e+00
5.395092292753893126e+00,-2.839906612415626697e+00,5.376080989837646484e+00,-2.978028774261474609e+00
5.395386802781333202e+00,-2.869726464223668838e+00,5.396393299102783203e+00,-3.029372215270996094e+00
5.395961094169179795e+00,-2.898590106779223241e+00,5.402513504028320312e+00,-3.037491559982299805e+00
5.397065607955153332e+00,-2.929427452813691435e+00,5.414175510406494141e+00,-3.106720924377441406e+00
5.398338686795522534e+00,-2.960545801989715287e+00,5.418630123138427734e+00,-3.141777992248535156e+00
5.398726264463361346e+00,-2.991645253917871283e+00,5.400781154632568359e+00,-3.170709371566772461e+00
5.398168069262866631e+00,-3.022728438414615582e+00,5.380870819091796875e+00,-3.199696779251098633e+00
5.396642360802236915e+00,-3.053617885488267181e+00,5.359669208526611328e+00,-3.224878072738647461e+00
5.394647961095460076e+00,-3.084575958710221943e+00,5.348365306854248047e+00,-3.255555868148803711e+00
5.392767725421435010e+00,-3.115125224471300580e+00,5.349245071411132812e+00,-3.275992870330810547e+00
5.391099551082509933e+00,-3.146123496138941711e+00,5.352342128753662109e+00,-3.314687490463256836e+00
5.390684423579259033e+00,-3.178962898035653240e+00,5.378259658813476562e+00,-3.384061813354492188e+00
5.390842579590826134e+00,-3.211819710307281639e+00,5.390420436859130859e+00,-3.415243148803710938e+00
5.391426982933423595e+00,-3.244471101759781817e+00,5.399854183197021484e+00,-3.441580295562744141e+00
5.392345570814502054e+00,-3.276883932016969592e+00,5.407631874084472656e+00,-3.467031955718994141e+00
5.393420758036594265e+00,-3.309415165504566492e+00,5.411785602569580078e+00,-3.500157356262207031e+00
5.394378461986504725e+00,-3.342461039561194003e+00,5.410021781921386719e+00,-3.542150259017944336e+00
5.395296602439495715e+00,-3.375583112590571311e+00,5.409885883331298828e+00,-3.574887037277221680e+00
5.396149893802025588e+00,-3.408539391343042624e+00,5.409156799316406250e+00,-3.602331876754760742e+00
5.397066786186440979e+00,-3.439914085092817153e+00,5.411234855651855469e+00,-3.598129272460937500e+00
5.398209677490942049e+00,-3.471383395699531249e+00,5.416993618011474609e+00,-3.630033731460571289e+00
5.399407591813099927e+00,-3.503353631347721375e+00,5.419116973876953125e+00,-3.671125650405883789e+00
5.400444045216748812e+00,-3.534053570543011613e+00,5.416430950164794922e+00,-3.672907352447509766e+00
5.400990498569460563e+00,-3.565251756309971931e+00,5.406222343444824219e+00,-3.713423013687133789e+00
5.401083163118417296e+00,-3.596984150405063030e+00,5.396423816680908203e+00,-3.755176782608032227e+00
5.400927634068585448e+00,-3.629273216515332301e+00,5.390895366668701172e+00,-3.797895193099975586e+00
5.399563013007775858e+00,-3.661621353743200746e+00,5.363396644592285156e+00,-3.829818248748779297e+00
5.397539690275814372e+00,-3.694121539715972347e+00,5.347391605377197266e+00,-3.863915681838989258e+00
5.395150203057289318e+00,-3.727217277711548427e+00,5.337495326995849609e+00,-3.908242702484130859e+00
5.393949553998176327e+00,-3.760520148503919469e+00,5.362742424011230469e+00,-3.944220304489135742e+00
5.394421866290905143e+00,-3.794370393984651368e+00,5.400019645690917969e+00,-3.988156318664550781e+00
5.395788930018012408e+00,-3.826785088575210825e+00,5.420852661132812500e+00,-3.987170934677124023e+00
5.397285936936246920e+00,-3.861036523775746243e+00,5.424878597259521484e+00,-4.060072898864746094e+00
5.398824018691448678e+00,-3.895139592418574548e+00,5.426971435546875000e+00,-4.088876724243164062e+00
5.400675036460969025e+00,-3.929190769994089560e+00,5.435358524322509766e+00,-4.119798660278320312e+00
5.402465324690881587e+00,-3.965115217513466295e+00,5.435386180877685547e+00,-4.195089340209960938e+00
5.404197758107081029e+00,-4.001510148373467857e+00,5.435434818267822266e+00,-4.239510536193847656e+00
5.405447498457549571e+00,-4.039646217600320277e+00,5.425610065460205078e+00,-4.313734531402587891e+00
5.406706769887134278e+00,-4.075690988434668149e+00,5.426807880401611328e+00,-4.300559997558593750e+00
5.407599796472583265e+00,-4.111618670951916243e+00,5.419292449951171875e+00,-4.331558227539062500e+00
5.408248759235660508e+00,-4.147349693657786496e+00,5.414326190948486328e+00,-4.360633373260498047e+00
5.408522205491536283e+00,-4.183063258618905600e+00,5.406105041503906250e+00,-4.393744468688964844e+00
5.408374442599716225e+00,-4.217337286841710942e+00,5.396519184112548828e+00,-4.393698215484619141e+00
5.407557072993771641e+00,-4.252132566984347939e+00,5.380796432495117188e+00,-4.438315391540527344e+00
5.405911686494606627e+00,-4.287381391877958414e+00,5.360835075378417969e+00,-4.481781005859375000e+00
5.403867413820579557e+00,-4.322823881336923080e+00,5.350263118743896484e+00,-4.519538879394531250e+00
5.401071995389155056e+00,-4.358459967474231256e+00,5.331110477447509766e+00,-4.557467460632324219e+00
5.398913835528897032e+00,-4.393970885378250202e+00,5.343957901000976562e+00,-4.588083744049072266e+00
5.397012827470067720e+00,-4.429447910064286731e+00,5.348366737365722656e+00,-4.620766162872314453e+00
5.395369408709265180e+00,-4.464808702215893987e+00,5.352983951568603516e+00,-4.651502609252929688e+00
5.393600917181947452e+00,-4.500401731633445479e+00,5.348782062530517578e+00,-4.690378189086914062e+00
5.391553221881885349e+00,-4.536198513041784786e+00,5.340841770172119141e+00,-4.728782653808593750e+00
5.389397395114300160e+00,-4.572761115246801289e+00,5.336719036102294922e+00,-4.780641555786132812e+00
5.386737936951273120e+00,-4.609736390287170416e+00,5.323155403137207031e+00,-4.824769496917724609e+00
5.384497076165171592e+00,-4.647444330884645147e+00,5.331022262573242188e+00,-4.876815319061279297e+00
5.382727951309731473e+00,-4.686938964711405475e+00,5.340469360351562500e+00,-4.954429626464843750e+00
5.380754583866255381e+00,-4.726550101748802746e+00,5.334246635437011719e+00,-4.993846893310546875e+00
5.379024151649478114e+00,-4.764747871068471419e+00,5.338477611541748047e+00,-4.997061252593994141e+00
5.377293947910211536e+00,-4.805006077394621933e+00,5.337125778198242188e+00,-5.081753253936767578e+00
5.376243692594407264e+00,-4.846807614788988694e+00,5.351937770843505859e+00,-5.155769348144531250e+00
5.374971475911586083e+00,-4.888804308055896719e+00,5.345802307128906250e+00,-5.198915481567382812e+00
5.372918951832792445e+00,-4.931138810521893845e+00,5.326189517974853516e+00,-5.245643615722656250e+00
5.371278524549087940e+00,-4.973925213976900572e+00,5.334405899047851562e+00,-5.295385837554931641e+00
5.370451042103098871e+00,-5.016585214893082956e+00,5.352502822875976562e+00,-5.331707954406738281e+00
5.370369271598620209e+00,-5.059463846128297249e+00,5.369617462158203125e+00,-5.376207351684570312e+00
5.370918774949251073e+00,-5.104277963758976355e+00,5.384569644927978516e+00,-5.461946487426757812e+00
5.371917209664971438e+00,-5.147024576285626374e+00,5.395646095275878906e+00,-5.453452587127685547e+00
5.372131820187831863e+00,-5.190731876232468345e+00,5.377559661865234375e+00,-5.515897750854492188e+00
5.370796026438034332e+00,-5.235520390904965460e+00,5.340511798858642578e+00,-5.581999778747558594e+00
5.369126811221543782e+00,-5.280637788391042697e+00,5.331449508666992188e+00,-5.630930900573730469e+00
5.367075365299061929e+00,-5.326301884812342458e+00,5.320958614349365234e+00,-5.685375690460205078e+00
5.364945249350571821e+00,-5.370845232815129933e+00,5.317458152770996094e+00,-5.700253963470458984e+00
5.362773852365417149e+00,-5.415411956393331394e+00,5.314791202545166016e+00,-5.741793632507324219e+00
5.361226338992780782e+00,-5.459906962421351651e+00,5.328073024749755859e+00,-5.781101703643798828e+00
5.360870675281472764e+00,-5.504705805442067224e+00,5.355482578277587891e+00,-5.829421043395996094e+00
5.361802105509855032e+00,-5.549515715250899817e+00,5.386087894439697266e+00,-5.870963096618652344e+00
5.363361040315233197e+00,-5.594731194703424393e+00,5.401794433593750000e+00,-5.922045707702636719e+00
5.364948525213860009e+00,-5.640552078477856668e+00,5.403555393218994141e+00,-5.978284835815429688e+00
5.366644210502443890e+00,-5.686960645131947878e+00,5.407262325286865234e+00,-6.034592628479003906e+00
5.368156256781700719e+00,-5.733505827390762200e+00,5.404020309448242188e+00,-6.080508708953857422e+00
5.369356736096133176e+00,-5.780321118542893544e+00,5.397558689117431641e+00,-6.129786968231201172e+00
5.369875506511816887e+00,-5.827680067869447811e+00,5.381933689117431641e+00,-6.185909748077392578e+00
5.369754362183845942e+00,-5.875058802009998971e+00,5.366806030273437500e+00,-6.229835033416748047e+00
5.369841985590135813e+00,-5.922644753895665026e+00,5.371695518493652344e+00,-6.278342723846435547e+00
5.370020324874698048e+00,-5.968329014065016480e+00,5.373890399932861328e+00,-6.276087760925292969e+00
5.371197592486315564e+00,-6.014077645955289597e+00,5.398109436035156250e+00,-6.319965362548828125e+00
5.372256990778375929e+00,-6.061671863302788843e+00,5.396074771881103516e+00,-6.407001972198486328e+00
5.372883637654656042e+00,-6.110089122573367781e+00,5.386337280273437500e+00,-6.470725536346435547e+00
5.373100780443482272e+00,-6.156421921333305569e+00,5.376840114593505859e+00,-6.464741706848144531e+00
5.373511265966714134e+00,-6.205983109172080070e+00,5.381632328033447266e+00,-6.585857391357421875e+00
5.374391481918053159e+00,-6.255615390055295322e+00,5.393264770507812500e+00,-6.632968902587890625e+00
5.375786316441987900e+00,-6.305348607761865232e+00,5.406339168548583984e+00,-6.680900573730468750e+00
5.377120787070969854e+00,-6.354636110783300040e+00,5.405868053436279297e+00,-6.715703487396240234e+00
5.378464799305306521e+00,-6.406493251876980821e+00,5.407050609588623047e+00,-6.823315620422363281e+00
5.379734459386019907e+00,-6.458934180242542844e+00,5.406209945678710938e+00,-6.884738922119140625e+00
5.381105787098110937e+00,-6.510876417370889513e+00,5.409587383270263672e+00,-6.920390129089355469e+00
5.382384020160113636e+00,-6.563070996172104543e+00,5.408318996429443359e+00,-6.973940849304199219e+00
5.383806282774806107e+00,-6.614897082385432725e+00,5.412740230560302734e+00,-7.012660026550292969e+00
5.384855270892128232e+00,-6.667234540019324918e+00,5.404714107513427734e+00,-7.072512626647949219e+00
5.385750151943069497e+00,-6.719462152853452608e+00,5.401735305786132812e+00,-7.117708683013916016e+00
5.386471727446905611e+00,-6.771708486939902016e+00,5.398178100585937500e+00,-7.165993213653564453e+00
5.386846754304882801e+00,-6.823883775814145736e+00,5.390285015106201172e+00,-7.212157726287841797e+00
5.387235860459118619e+00,-6.873657438645476070e+00,5.390899181365966797e+00,-7.201679229736328125e+00
5.387306584656578856e+00,-6.922731034104478987e+00,5.383443832397460938e+00,-7.230814933776855469e+00
5.387246867114568794e+00,-6.971864412459261473e+00,5.380321502685546875e+00,-7.277941226959228516e+00
5.386720051015005950e+00,-7.022148058731981557e+00,5.368915557861328125e+00,-7.351666450500488281e+00
5.386068867109654157e+00,-7.072409581410956214e+00,5.365497589111328125e+00,-7.397769451141357422e+00
5.385207193020013605e+00,-7.121162843924584429e+00,5.359890460968017578e+00,-7.407741546630859375e+00
5.384245483493183215e+00,-7.169781684129628907e+00,5.356812477111816406e+00,-7.450057983398437500e+00
5.383156189865669461e+00,-7.218382331457670276e+00,5.352987289428710938e+00,-7.495137214660644531e+00
5.381917164472694637e+00,-7.266486184272711313e+00,5.348525524139404297e+00,-7.528586864471435547e+00
5.381049013019064908e+00,-7.314986650699339066e+00,5.356623649597167969e+00,-7.583450317382812500e+00
5.380439639823097586e+00,-7.364089083054286888e+00,5.362264633178710938e+00,-7.643640041351318359e+00
5.379942008197512671e+00,-7.413674034375230093e+00,5.364514827728271484e+00,-7.701400279998779297e+00
5.379801794537296900e+00,-7.462891913772718766e+00,5.372830390930175781e+00,-7.738859176635742188e+00
5.380008780846533334e+00,-7.513168036620260892e+00,5.381161212921142578e+00,-7.810801506042480469e+00
5.379770479525002536e+00,-7.564057705641884510e+00,5.370441436767578125e+00,-7.872727870941162109e+00
5.379067380632160500e+00,-7.615173460912940229e+00,5.358916759490966797e+00,-7.925704002380371094e+00
5.377811413875240198e+00,-7.666096550258803433e+00,5.344900608062744141e+00,-7.968679904937744141e+00
5.376192625178668472e+00,-7.716728660326499956e+00,5.335104942321777344e+00,-8.009154319763183594e+00
5.374887804905731592e+00,-7.767777945401389772e+00,5.341535091400146484e+00,-8.066712379455566406e+00
5.374039773122190944e+00,-7.817605494087730200e+00,5.351675510406494141e+00,-8.084658622741699219e+00
5.373654932882535817e+00,-7.870654621455898337e+00,5.362307071685791016e+00,-8.210076332092285156e+00
5.373791806420305406e+00,-7.924707345726694996e+00,5.374706745147705078e+00,-8.283825874328613281e+00
5.374176613208231146e+00,-7.979178960019526201e+00,5.380815029144287109e+00,-8.344099998474121094e+00
5.374722754053823159e+00,-8.034109691491911676e+00,5.384995460510253906e+00,-8.405709266662597656e+00
5.375580305748343335e+00,-8.089443472439134197e+00,5.392957687377929688e+00,-8.466335296630859375e+00
5.376716052092223919e+00,-8.142696221269703827e+00,5.400341987609863281e+00,-8.466704368591308594e+00
5.377587122706864342e+00,-8.198765655949809883e+00,5.394690036773681641e+00,-8.585074424743652344e+00
5.378186987743910130e+00,-8.255200693129271627e+00,5.388686656951904297e+00,-8.645760536193847656e+00
5.378331702934827874e+00,-8.311541961010611601e+00,5.377996921539306641e+00,-8.695554733276367188e+00
5.378249862749771459e+00,-8.365415756189852559e+00,5.372551441192626953e+00,-8.687398910522460938e+00
5.377728738877566528e+00,-8.417188864722517039e+00,5.361747264862060547e+00,-8.686418533325195312e+00
5.376741991999886672e+00,-8.469019499601969869e+00,5.349975585937500000e+00,-8.736603736877441406e+00
5.375660601515016346e+00,-8.521184373890436703e+00,5.346914291381835938e+00,-8.793619155883789062e+00
5.374358151871541978e+00,-8.574324815401201505e+00,5.340694427490234375e+00,-8.866570472717285156e+00
5.373566829906137876e+00,-8.630034570429428342e+00,5.352183818817138672e+00,-8.979185104370117188e+00
5.373674578122726864e+00,-8.686677932035703265e+00,5.373518943786621094e+00,-9.053796768188476562e+00
5.374376743746577922e+00,-8.744349339179800396e+00,5.388077259063720703e+00,-9.131446838378906250e+00
5.374899605274575443e+00,-8.802572962346133068e+00,5.384181976318359375e+00,-9.198282241821289062e+00
5.375712061237811312e+00,-8.861937849657479660e+00,5.391607284545898438e+00,-9.279957771301269531e+00
5.376437249439940835e+00,-8.921234028739990052e+00,5.390044689178466797e+00,-9.332975387573242188e+00
5.377132070419577303e+00,-8.978199410099001909e+00,5.389810085296630859e+00,-9.330747604370117188e+00
5.377978321869617773e+00,-9.033048224723492226e+00,5.393995761871337891e+00,-9.332083702087402344e+00
5.377942127503773762e+00,-9.090897672474193669e+00,5.373042583465576172e+00,-9.456892013549804688e+00
5.377641338294826490e+00,-9.147361124267851196e+00,5.366533279418945312e+00,-9.476799964904785156e+00
5.377150014108885046e+00,-9.204871428404363343e+00,5.361638069152832031e+00,-9.555160522460937500e+00
5.376426189628148222e+00,-9.263717219223524424e+00,5.355576515197753906e+00,-9.641385078430175781e+00
5.375740157279052411e+00,-9.323973670952556247e+00,5.355945587158203125e+00,-9.730474472045898438e+00
5.374902646083220326e+00,-9.384796340780360069e+00,5.351716518402099609e+00,-9.800020217895507812e+00
5.374131440786265479e+00,-9.445810747364600246e+00,5.352694988250732422e+00,-9.860884666442871094e+00
5.373110872552628869e+00,-9.506890874806742886e+00,5.346007347106933594e+00,-9.918863296508789062e+00
5.371486107744477323e+00,-9.568881022687099502e+00,5.330463886260986328e+00,-9.997571945190429688e+00
5.369575708816434201e+00,-9.630748009827902578e+00,5.322256565093994141e+00,-1.005175685882568359e+01
5.367432376886568157e+00,-9.693013164521561364e+00,5.315122127532958984e+00,-1.011864376068115234e+01
5.365261621806931558e+00,-9.755159318501515742e+00,5.312832832336425781e+00,-1.017323875427246094e+01
5.363053212406428294e+00,-9.815023485085617949e+00,5.310267448425292969e+00,-1.017494106292724609e+01
5.361014139485241081e+00,-9.877333760604559032e+00,5.312726974487304688e+00,-1.029056167602539062e+01
5.359034649039993603e+00,-9.938964348631275314e+00,5.312623023986816406e+00,-1.033163738250732422e+01
5.357157551163889586e+00,-9.998455103481015627e+00,5.313603878021240234e+00,-1.033657836914062500e+01
5.355501927061249390e+00,-1.005822000621174794e+01,5.317565441131591797e+00,-1.039899158477783203e+01
5.354146378924271588e+00,-1.012143231376128405e+01,5.323606491088867188e+00,-1.053920745849609375e+01
5.353281198626562265e+00,-1.018417154367621080e+01,5.334515571594238281e+00,-1.058618068695068359e+01
5.352890140726464629e+00,-1.024667586921969153e+01,5.345385551452636719e+00,-1.063867950439453125e+01
5.352686481972952492e+00,-1.030869627058600635e+01,5.349594593048095703e+00,-1.068496894836425781e+01
5.352676856554662521e+00,-1.037190045039303143e+01,5.354103565216064453e+00,-1.077171611785888672e+01
5.352920111314090512e+00,-1.043252558933156138e+01,5.360194206237792969e+00,-1.076740264892578125e+01
5.353107487686660448e+00,-1.049312953307629215e+01,5.358924388885498047e+00,-1.082376670837402344e+01
5.353487082062296842e+00,-1.055387911199136930e+01,5.363679885864257812e+00,-1.088423538208007812e+01
5.353916231899803257e+00,-1.061231877432451931e+01,5.365090847015380859e+00,-1.088482475280761719e+01
5.354280288924726960e+00,-1.067170135252294294e+01,5.363737583160400391e+00,-1.096327495574951172e+01
5.354748323130482213e+00,-1.073157855832565133e+01,5.366471767425537109e+00,-1.103149414062500000e+01
5.355295864916572945e+00,-1.079108281615001985e+01,5.368686199188232422e+00,-1.107890415191650391e+01
5.355986725600454079e+00,-1.085072484484215849e+01,5.372521400451660156e+00,-1.113856315612792969e+01
5.356951674543487307e+00,-1.091068087700833722e+01,5.379661560058593750e+00,-1.120266819000244141e+01
5.357695198989808283e+00,-1.097043070035782897e+01,5.374891757965087891e+00,-1.125432205200195312e+01
5.358402585138580143e+00,-1.103059174525050956e+01,5.374492645263671875e+00,-1.132095623016357422e+01
5.359213996007485825e+00,-1.108794981564591708e+01,5.377496719360351562e+00,-1.130934429168701172e+01
5.360141068138116971e+00,-1.114509757495091335e+01,5.380864620208740234e+00,-1.135909557342529297e+01
5.361172453325902865e+00,-1.120194855638117026e+01,5.384043216705322266e+00,-1.140660572052001953e+01
5.361695131495951117e+00,-1.125891289178335519e+01,5.372313499450683594e+00,-1.146395206451416016e+01
5.362213435128961869e+00,-1.131551257114519338e+01,5.372544288635253906e+00,-1.150971984863281250e+01
5.362519402943194180e+00,-1.137233243544386951e+01,5.367689132690429688e+00,-1.156954479217529297e+01
5.362693466335563208e+00,-1.142897951240280463e+01,5.364646434783935547e+00,-1.161994743347167969e+01
5.362709836369753624e+00,-1.148582906665112979e+01,5.360877513885498047e+00,-1.167942333221435547e+01
5.362722519273567023e+00,-1.153960374023397684e+01,5.360759258270263672e+00,-1.165893554687500000e+01
5.361871275559757954e+00,-1.159681535931271235e+01,5.339604377746582031e+00,-1.179543590545654297e+01
5.361173521588909807e+00,-1.165396407219028596e+01,5.342692375183105469e+00,-1.184890079498291016e+01
5.360956510769948835e+00,-1.170857389008088312e+01,5.353893280029296875e+00,-1.184180068969726562e+01
5.361528717731206761e+00,-1.176398906702933012e+01,5.372989177703857422e+00,-1.191463279724121094e+01
5.362502395000179334e+00,-1.182200197838181666e+01,5.383183956146240234e+00,-1.203190231323242188e+01
5.363095956856173352e+00,-1.188341812821268739e+01,5.374564170837402344e+00,-1.217079830169677734e+01
5.362941130880679808e+00,-1.194488002151440043e+01,5.356662750244140625e+00,-1.223012256622314453e+01
5.362303228591820847e+00,-1.200646576731163684e+01,5.344700813293457031e+00,-1.229142665863037109e+01
5.360773579131187461e+00,-1.207075365663464517e+01,5.322390079498291016e+00,-1.241590595245361328e+01
5.358817630832914070e+00,-1.213307783859484346e+01,5.310803890228271484e+00,-1.242831134796142578e+01
5.356468225075248668e+00,-1.219563340092103232e+01,5.299703121185302734e+00,-1.249299430847167969e+01
5.353826604883320961e+00,-1.226091831223314266e+01,5.290783405303955078e+00,-1.261896991729736328e+01
5.350989180199872131e+00,-1.232360822548724322e+01,5.283999919891357422e+00,-1.261678791046142578e+01
5.347921052798678687e+00,-1.238661208917054424e+01,5.276211738586425781e+00,-1.268387889862060547e+01
5.344888503813718827e+00,-1.245253209172107844e+01,5.274757862091064453e+00,-1.281487274169921875e+01
5.341962776694341386e+00,-1.251582208361902815e+01,5.275063991546630859e+00,-1.281241989135742188e+01
5.339025678000971276e+00,-1.257921201740596651e+01,5.272550106048583984e+00,-1.287483882904052734e+01
5.336277787788882954e+00,-1.264512291928740240e+01,5.274925231933593750e+00,-1.299657440185546875e+01
5.334258757060693412e+00,-1.271074512006792645e+01,5.290628910064697266e+00,-1.305149078369140625e+01
5.333156566984527558e+00,-1.277576013529898624e+01,5.311458587646484375e+00,-1.309845066070556641e+01
5.332620737109264653e+00,-1.284061592581528544e+01,5.324386596679687500e+00,-1.315596199035644531e+01
5.331336862062133086e+00,-1.290519718224673085e+01,5.305584907531738281e+00,-1.321057701110839844e+01
5.330028682610166157e+00,-1.297059853596721446e+01,5.303932189941406250e+00,-1.329179954528808594e+01
5.329302295932203393e+00,-1.303668655277093968e+01,5.317081451416015625e+00,-1.337040042877197266e+01
5.328911270362042707e+00,-1.310315585596359966e+01,5.324629306793212891e+00,-1.344207859039306641e+01
5.327952175700854553e+00,-1.317174566437019934e+01,5.310328960418701172e+00,-1.355661296844482422e+01
5.327240779361309464e+00,-1.323981993810243907e+01,5.315561294555664062e+00,-1.360828304290771484e+01
5.327151132977729020e+00,-1.331125156400918286e+01,5.330121994018554688e+00,-1.375433731079101562e+01
5.326647176585781018e+00,-1.338199207515230604e+01,5.319801330566406250e+00,-1.380389785766601562e+01
5.325565490267551993e+00,-1.345315690348175686e+01,5.305180549621582031e+00,-1.388028526306152344e+01
5.323936220308653766e+00,-1.352494449308238522e+01,5.290872097015380859e+00,-1.396189117431640625e+01
5.322238565987356118e+00,-1.359694961267815216e+01,5.287878513336181641e+00,-1.403409862518310547e+01
5.320882498383684656e+00,-1.366930064728368599e+01,5.294857501983642578e+00,-1.410966110229492188e+01
5.320081163283642667e+00,-1.374179218294242766e+01,5.307296752929687500e+00,-1.418050956726074219e+01
5.320174637043823651e+00,-1.381427819326799700e+01,5.328458309173583984e+00,-1.424794578552246094e+01
5.320678351757862856e+00,-1.388713466952430231e+01,5.338426113128662109e+00,-1.432462882995605469e+01
5.320767033945767110e+00,-1.396004180923979909e+01,5.328514099121093750e+00,-1.439381790161132812e+01
5.319941875624365046e+00,-1.403407929508602514e+01,5.306100845336914062e+00,-1.448950481414794922e+01
5.318447421086982985e+00,-1.410835013273610272e+01,5.288998126983642578e+00,-1.456414031982421875e+01
5.317182654499696959e+00,-1.418283130182135210e+01,5.293388366699218750e+00,-1.463844203948974609e+01
5.316964124461946994e+00,-1.425716266259877685e+01,5.317914485931396484e+00,-1.470414829254150391e+01
5.317709019284708738e+00,-1.432909591288781925e+01,5.341182231903076172e+00,-1.471481609344482422e+01
5.318788958671695433e+00,-1.440098332887039767e+01,5.349791049957275391e+00,-1.478130626678466797e+01
5.319542279156468823e+00,-1.447267650573579800e+01,5.342467784881591797e+00,-1.484418201446533203e+01
5.319309661532034994e+00,-1.454451221041188269e+01,5.318784236907958984e+00,-1.491519927978515625e+01
5.318915803709135304e+00,-1.461629975647637991e+01,5.314548969268798828e+00,-1.498170471191406250e+01
5.318714464462280134e+00,-1.468517716907345516e+01,5.318847656250000000e+00,-1.497822666168212891e+01
5.319132566404801921e+00,-1.475412578107384753e+01,5.333729267120361328e+00,-1.504556941986083984e+01
5.319769998643446129e+00,-1.482558979039879965e+01,5.339281558990478516e+00,-1.517277908325195312e+01
5.320461590270411989e+00,-1.489435208772750840e+01,5.340958118438720703e+00,-1.517428016662597656e+01
5.320471579304961729e+00,-1.496326651263258611e+01,5.324683189392089844e+00,-1.524363517761230469e+01
5.319654477305567397e+00,-1.503215192711631332e+01,5.304352283477783203e+00,-1.530870723724365234e+01
5.318343789709349956e+00,-1.510105053372636164e+01,5.291571140289306641e+00,-1.537482547760009766e+01
5.317729267028322049e+00,-1.517272938128054172e+01,5.307523727416992188e+00,-1.550866222381591797e+01
5.318114636820328478e+00,-1.524123359804539746e+01,5.331413745880126953e+00,-1.549893856048583984e+01
5.319207496114155553e+00,-1.530927881571568250e+01,5.348886966705322266e+00,-1.555333995819091797e+01
5.320370222341470168e+00,-1.537706510260178305e+01,5.351288318634033203e+00,-1.561232948303222656e+01
5.321549253942986724e+00,-1.544460904578614802e+01,5.352435588836669922e+00,-1.567156505584716797e+01
5.322613690443045442e+00,-1.551205483453677303e+01,5.350398063659667969e+00,-1.573417854309082031e+01
5.323789906745185263e+00,-1.557932805828698264e+01,5.353817462921142578e+00,-1.579492855072021484e+01
5.324763413916460131e+00,-1.564663373454632378e+01,5.349631786346435547e+00,-1.586059379577636719e+01
5.325631597515521065e+00,-1.571612073959983569e+01,5.347683429718017578e+00,-1.597886562347412109e+01
5.326565330790296926e+00,-1.578252453341835526e+01,5.349840641021728516e+00,-1.597001171112060547e+01
5.326823474832623972e+00,-1.584870735514802931e+01,5.333923339843750000e+00,-1.602892684936523438e+01
5.326080119219598785e+00,-1.591733029884332318e+01,5.309542179107666016e+00,-1.615278625488281250e+01
5.324230422869273838e+00,-1.598529624542275585e+01,5.281862258911132812e+00,-1.620271492004394531e+01
5.322399336738913078e+00,-1.605537627461684025e+01,5.280880928039550781e+00,-1.631996345520019531e+01
5.320838720709077485e+00,-1.612542784296283926e+01,5.286068439483642578e+00,-1.638639259338378906e+01
5.319412342949743078e+00,-1.619505645338850641e+01,5.288118362426757812e+00,-1.644318580627441406e+01
5.318236613935654056e+00,-1.626415368704039821e+01,5.293110370635986328e+00,-1.649704933166503906e+01
5.317478978445437043e+00,-1.633296195920760852e+01,5.302378654479980469e+00,-1.655648231506347656e+01
5.316957466203956706e+00,-1.640141997281510200e+01,5.307501316070556641e+00,-1.661423301696777344e+01
5.316445749667482623e+00,-1.647001828314735761e+01,5.307260990142822266e+00,-1.668375205993652344e+01
5.314894069869022353e+00,-1.653827087025192810e+01,5.281352996826171875e+00,-1.674151420593261719e+01
5.312871947420346075e+00,-1.660414900701708518e+01,5.268609046936035156e+00,-1.674943161010742188e+01
5.310311197198728905e+00,-1.667256418509395033e+01,5.253848075866699219e+00,-1.687575149536132812e+01
5.308378645975816212e+00,-1.674226251009286059e+01,5.267223834991455078e+00,-1.697328758239746094e+01
5.307036276192744317e+00,-1.681119621970913514e+01,5.280125141143798828e+00,-1.702170944213867188e+01
5.306036843114518398e+00,-1.687948521477996522e+01,5.287408828735351562e+00,-1.707253074645996094e+01
5.305470887650094447e+00,-1.694777277451227349e+01,5.297156333923339844e+00,-1.713863754272460938e+01
5.304701225454190983e+00,-1.701550775764548007e+01,5.291636943817138672e+00,-1.719128799438476562e+01
5.304040108440399415e+00,-1.708288547424962545e+01,5.293604373931884766e+00,-1.724833297729492188e+01
5.302876389675420299e+00,-1.715018309881064340e+01,5.280703544616699219e+00,-1.731191635131835938e+01
5.301025672997402793e+00,-1.721683258008047446e+01,5.262922763824462891e+00,-1.736156845092773438e+01
5.298380776887244181e+00,-1.728283814463742019e+01,5.242013454437255859e+00,-1.741086769104003906e+01
5.295120621932071003e+00,-1.734847225305643192e+01,5.224892139434814453e+00,-1.746637535095214844e+01
5.291801757915681748e+00,-1.741372974308862354e+01,5.220923900604248047e+00,-1.752149963378906250e+01
5.288407685787171353e+00,-1.747850256273808256e+01,5.216500759124755859e+00,-1.757371902465820312e+01
5.285171571493672893e+00,-1.754373027291251930e+01,5.217716693878173828e+00,-1.764857482910156250e+01
5.282075968685577827e+00,-1.760727281785380427e+01,5.218613624572753906e+00,-1.767143630981445312e+01
5.279000366681067646e+00,-1.767212897302564656e+01,5.216658592224121094e+00,-1.776641464233398438e+01
5.276080082799571080e+00,-1.773812401872433853e+01,5.218020439147949219e+00,-1.785809326171875000e+01
5.273393077163196274e+00,-1.780454266148398190e+01,5.221395969390869141e+00,-1.793312644958496094e+01
5.271125411495086510e+00,-1.787216834211114147e+01,5.229486942291259766e+00,-1.802764701843261719e+01
5.269076074054432901e+00,-1.793762834953846763e+01,5.232964038848876953e+00,-1.804058265686035156e+01
5.267429794089011352e+00,-1.800301196903387435e+01,5.241115093231201172e+00,-1.810304450988769531e+01
5.266323860466700424e+00,-1.807124053757089044e+01,5.252916336059570312e+00,-1.823691177368164062e+01
5.265395139922984136e+00,-1.813690010997543212e+01,5.256230831146240234e+00,-1.824047088623046875e+01
5.264318564059851546e+00,-1.820241443447420693e+01,5.251724243164062500e+00,-1.830144119262695312e+01
5.263514162580404054e+00,-1.826805554587539504e+01,5.257381439208984375e+00,-1.836897087097167969e+01
5.263577596520463864e+00,-1.833392901435620459e+01,5.277806282043457031e+00,-1.843918800354003906e+01
5.264145044891542113e+00,-1.839731148354160695e+01,5.289970874786376953e+00,-1.844298171997070312e+01
5.264989015146581686e+00,-1.846078423010535019e+01,5.296944618225097656e+00,-1.850808906555175781e+01
5.266104286891104991e+00,-1.852439212288825843e+01,5.303997993469238281e+00,-1.857436561584472656e+01
5.267313025835678175e+00,-1.858797435038821533e+01,5.306906223297119141e+00,-1.863681411743164062e+01
5.268445266079773148e+00,-1.864835405771134091e+01,5.305731773376464844e+00,-1.862155151367187500e+01
5.269535590661563518e+00,-1.870877212599738471e+01,5.305352687835693359e+00,-1.868320465087890625e+01
5.270456163294586993e+00,-1.876932644310334553e+01,5.301821708679199219e+00,-1.874727630615234375e+01
5.271335438216097735e+00,-1.882751423741373742e+01,5.301312923431396484e+00,-1.875023269653320312e+01
5.272500561226498128e+00,-1.888627134924869111e+01,5.308779716491699219e+00,-1.882324981689453125e+01
5.273902981265486289e+00,-1.894530875740314002e+01,5.315273761749267578e+00,-1.888960647583007812e+01
5.275481516800471837e+00,-1.900459077338571845e+01,5.320451259613037109e+00,-1.895528793334960938e+01
5.277075495062501176e+00,-1.906383825750431171e+01,5.321834564208984375e+00,-1.901431465148925781e+01
5.278497879110505941e+00,-1.912043827693064557e+01,5.318661212921142578e+00,-1.900940322875976562e+01
5.279541441662167323e+00,-1.917761093860220711e+01,5.310299873352050781e+00,-1.908129501342773438e+01
5.279997526539386143e+00,-1.923522927410675365e+01,5.296562671661376953e+00,-1.915048789978027344e+01
5.280330090070227023e+00,-1.929341134295978577e+01,5.293745517730712891e+00,-1.922288322448730469e+01
5.280292588907015805e+00,-1.935176554547590300e+01,5.284810543060302734e+00,-1.928610420227050781e+01
5.280795106280489648e+00,-1.941052986041073325e+01,5.297864437103271484e+00,-1.935526275634765625e+01
5.281858166260414933e+00,-1.946707807617221064e+01,5.311818599700927734e+00,-1.936048316955566406e+01
5.283557292489412305e+00,-1.952352212940595066e+01,5.328034877777099609e+00,-1.941571998596191406e+01
5.286076957168474699e+00,-1.958032911359327599e+01,5.349235057830810547e+00,-1.948229026794433594e+01
5.288344534151815601e+00,-1.963787082756838487e+01,5.344810962677001953e+00,-1.955820655822753906e+01
5.290238584112946008e+00,-1.969307475105831173e+01,5.337240219116210938e+00,-1.955950355529785156e+01
5.292002446716554509e+00,-1.974820267271630314e+01,5.335354328155517578e+00,-1.961438941955566406e+01
5.293507729955148733e+00,-1.980242111216756484e+01,5.330239295959472656e+00,-1.964881706237792969e+01
5.294394363773082368e+00,-1.985457421575526382e+01,5.316133975982666016e+00,-1.965428924560546875e+01
5.295130680426558989e+00,-1.990673745842699205e+01,5.313033580780029297e+00,-1.970898437500000000e+01
5.296465565900869699e+00,-1.995922119824871643e+01,5.328142166137695312e+00,-1.977125167846679688e+01
5.297986219042335243e+00,-2.001216299320231684e+01,5.333597660064697266e+00,-1.983709335327148438e+01
5.299144372033136818e+00,-2.006534902272242604e+01,5.325785160064697266e+00,-1.989801788330078125e+01
5.300072616335558706e+00,-2.011633909175139223e+01,5.320954322814941406e+00,-1.989941787719726562e+01
5.300277648373028505e+00,-2.017075151338076466e+01,5.303893566131591797e+00,-2.003659248352050781e+01
5.300404446796437519e+00,-2.022311688010985975e+01,5.302079200744628906e+00,-2.004248619079589844e+01
5.300104670439359289e+00,-2.027832623951556457e+01,5.291688919067382812e+00,-2.016648101806640625e+01
5.299525062379800922e+00,-2.033354965232306810e+01,5.284574985504150391e+00,-2.022332954406738281e+01
5.298986088178291531e+00,-2.038914337742011895e+01,5.285092830657958984e+00,-2.028888702392578125e+01
5.298311769130940263e+00,-2.044524481284473794e+01,5.281335353851318359e+00,-2.035806274414062500e+01
