# x0, x_solution, x_ref
0.369491  ,-0.037873 ,0.000000  ,0.369491  ,1.167629  ,1.966446  ,2.753944  ,3.550750  ,4.350267  ,-0.037873 ,-0.092416 ,-0.048923 ,0.091953  ,0.163379  ,0.191154  ,-0.068232 ,0.054393  ,0.177018  ,0.089401  ,0.034727  ,0.157352  ,0.208491  ,1.006628  ,1.805364  ,2.590967  ,3.545988  ,4.545988  ,0.369491  ,-0.037873 ,-0.068232 ,0.208491  ,1.069491  ,0.150000  ,0.000001  ,0.908491  ,1.769491  ,0.149998  ,0.000019  ,1.608491  ,2.469391  ,0.150813  ,-0.007271 ,2.308491  ,3.163035  ,0.202442  ,0.023528  ,3.008491  ,3.863329  ,0.200029  ,0.000257  ,3.708491  
0.371844  ,-0.035432 ,0.000000  ,0.371844  ,1.169960  ,1.968794  ,2.756350  ,3.553243  ,4.352772  ,-0.035432 ,-0.090302 ,-0.047136 ,0.093417  ,0.163855  ,0.191306  ,-0.068642 ,0.053983  ,0.176608  ,0.088162  ,0.034320  ,0.156945  ,0.210844  ,1.008958  ,1.807709  ,2.593221  ,3.548537  ,4.548537  ,0.371844  ,-0.035432 ,-0.068642 ,0.210844  ,1.071844  ,0.150000  ,0.000001  ,0.910844  ,1.771844  ,0.149997  ,0.000024  ,1.610844  ,2.471739  ,0.150846  ,-0.007571 ,2.310844  ,3.165404  ,0.202312  ,0.022122  ,3.010844  ,3.865682  ,0.200029  ,0.000263  ,3.710844  
0.375123  ,-0.034727 ,0.000000  ,0.375123  ,1.171623  ,1.970528  ,2.758317  ,3.555008  ,4.354510  ,-0.034727 ,-0.091003 ,-0.049165 ,0.090079  ,0.162763  ,0.190976  ,-0.070536 ,0.052321  ,0.174946  ,0.090980  ,0.035273  ,0.157898  ,0.214123  ,1.010621  ,1.809439  ,2.594932  ,3.550323  ,4.550323  ,0.375123  ,-0.034727 ,-0.070536 ,0.214123  ,1.075123  ,0.150000  ,0.000001  ,0.914123  ,1.775124  ,0.149996  ,0.000032  ,1.614123  ,2.475013  ,0.150892  ,-0.007982 ,2.314123  ,3.168706  ,0.202129  ,0.020199  ,3.014123  ,3.868961  ,0.200030  ,0.000270  ,3.714123  
0.380679  ,-0.034608 ,0.000000  ,0.380679  ,1.178782  ,1.977627  ,2.765217  ,3.562125  ,4.361655  ,-0.034608 ,-0.089672 ,-0.046701 ,0.093660  ,0.163930  ,0.191352  ,-0.068885 ,0.053740  ,0.176365  ,0.087950  ,0.034285  ,0.156910  ,0.219679  ,1.017781  ,1.816526  ,2.601376  ,3.557604  ,4.557604  ,0.380679  ,-0.034608 ,-0.068885 ,0.219679  ,1.080679  ,0.150000  ,0.000001  ,0.919679  ,1.780680  ,0.149995  ,0.000046  ,1.619679  ,2.480560  ,0.150968  ,-0.008655 ,2.319679  ,3.174300  ,0.201821  ,0.017038  ,3.019679  ,3.874517  ,0.200031  ,0.000280  ,3.719679  
0.380484  ,-0.032989 ,0.000000  ,0.380484  ,1.178574  ,1.977429  ,2.765050  ,3.562022  ,4.361561  ,-0.032989 ,-0.088231 ,-0.045437 ,0.094750  ,0.164286  ,0.191461  ,-0.069107 ,0.053518  ,0.176143  ,0.087030  ,0.033975  ,0.156600  ,0.219484  ,1.017573  ,1.816328  ,2.601267  ,3.557504  ,4.557504  ,0.380484  ,-0.032989 ,-0.069107 ,0.219484  ,1.080484  ,0.150000  ,0.000001  ,0.919484  ,1.780484  ,0.149995  ,0.000045  ,1.619484  ,2.480365  ,0.150965  ,-0.008632 ,2.319484  ,3.174103  ,0.201831  ,0.017147  ,3.019484  ,3.874321  ,0.200031  ,0.000280  ,3.719484  
0.377493  ,-0.033805 ,0.000000  ,0.377493  ,1.175568  ,1.974435  ,2.762095  ,3.558980  ,4.358507  ,-0.033805 ,-0.089268 ,-0.046695 ,0.093274  ,0.163805  ,0.191305  ,-0.069384 ,0.053241  ,0.175866  ,0.088278  ,0.034382  ,0.157007  ,0.216493  ,1.014567  ,1.813339  ,2.598499  ,3.554390  ,4.554390  ,0.377493  ,-0.033805 ,-0.069384 ,0.216493  ,1.077493  ,0.150000  ,0.000001  ,0.916493  ,1.777494  ,0.149996  ,0.000038  ,1.616493  ,2.477379  ,0.150925  ,-0.008273 ,2.316493  ,3.171092  ,0.201997  ,0.018835  ,3.016493  ,3.871331  ,0.200030  ,0.000275  ,3.716493  
0.378896  ,-0.035855 ,0.000000  ,0.378896  ,1.177065  ,1.975857  ,2.763274  ,3.560281  ,4.359824  ,-0.035855 ,-0.089939 ,-0.045986 ,0.095343  ,0.164480  ,0.191515  ,-0.067657 ,0.054968  ,0.177593  ,0.086530  ,0.033800  ,0.156425  ,0.217896  ,1.016064  ,1.814759  ,2.599658  ,3.555728  ,4.555728  ,0.378896  ,-0.035855 ,-0.067657 ,0.217896  ,1.078896  ,0.150000  ,0.000001  ,0.917896  ,1.778896  ,0.149995  ,0.000041  ,1.617896  ,2.478779  ,0.150944  ,-0.008442 ,2.317896  ,3.172504  ,0.201919  ,0.018039  ,3.017896  ,3.872733  ,0.200031  ,0.000277  ,3.717896  
0.382689  ,-0.037682 ,0.000000  ,0.382689  ,1.180922  ,1.979661  ,2.766913  ,3.563976  ,4.363526  ,-0.037682 ,-0.090831 ,-0.045943 ,0.096309  ,0.164794  ,0.191622  ,-0.066485 ,0.056140  ,0.178765  ,0.085711  ,0.033541  ,0.156166  ,0.221689  ,1.019921  ,1.818557  ,2.603042  ,3.559507  ,4.559507  ,0.382689  ,-0.037682 ,-0.066485 ,0.221689  ,1.082689  ,0.150000  ,0.000001  ,0.921689  ,1.782690  ,0.149994  ,0.000051  ,1.621689  ,2.482567  ,0.150994  ,-0.008891 ,2.321689  ,3.176323  ,0.201709  ,0.015926  ,3.021689  ,3.876527  ,0.200031  ,0.000283  ,3.721689  
0.377062  ,-0.036639 ,0.000000  ,0.377062  ,1.175199  ,1.974017  ,2.761521  ,3.558395  ,4.357921  ,-0.036639 ,-0.091211 ,-0.047746 ,0.093102  ,0.163749  ,0.191286  ,-0.068268 ,0.054357  ,0.176982  ,0.088424  ,0.034428  ,0.157053  ,0.216062  ,1.014197  ,1.812922  ,2.597966  ,3.553793  ,4.553793  ,0.377062  ,-0.036639 ,-0.068268 ,0.216062  ,1.077062  ,0.150000  ,0.000001  ,0.916062  ,1.777063  ,0.149996  ,0.000037  ,1.616062  ,2.476949  ,0.150919  ,-0.008220 ,2.316062  ,3.170658  ,0.202021  ,0.019081  ,3.016062  ,3.870900  ,0.200030  ,0.000274  ,3.716062  
0.386302  ,-0.036152 ,0.000000  ,0.386302  ,1.184455  ,1.983260  ,2.770722  ,3.567668  ,4.367202  ,-0.036152 ,-0.090485 ,-0.046782 ,0.094301  ,0.164137  ,0.191434  ,-0.067969 ,0.054656  ,0.177281  ,0.087406  ,0.034128  ,0.156753  ,0.225302  ,1.023454  ,1.822148  ,2.606438  ,3.563273  ,4.563273  ,0.386302  ,-0.036152 ,-0.067969 ,0.225302  ,1.086302  ,0.150000  ,0.000001  ,0.925302  ,1.786303  ,0.149993  ,0.000060  ,1.625302  ,2.486174  ,0.151040  ,-0.009302 ,2.325302  ,3.179961  ,0.201511  ,0.013973  ,3.025302  ,3.880139  ,0.200032  ,0.000288  ,3.725302  
0.376405  ,-0.036588 ,0.000000  ,0.376405  ,1.174537  ,1.973359  ,2.760872  ,3.557740  ,4.357265  ,-0.036588 ,-0.091216 ,-0.047808 ,0.092985  ,0.163711  ,0.191273  ,-0.068338 ,0.054287  ,0.176912  ,0.088523  ,0.034459  ,0.157084  ,0.215405  ,1.013536  ,1.812265  ,2.597367  ,3.553123  ,4.553123  ,0.376405  ,-0.036588 ,-0.068338 ,0.215405  ,1.076405  ,0.150000  ,0.000001  ,0.915405  ,1.776405  ,0.149996  ,0.000035  ,1.615405  ,2.476293  ,0.150910  ,-0.008140 ,2.315405  ,3.169996  ,0.202058  ,0.019458  ,3.015405  ,3.870243  ,0.200030  ,0.000273  ,3.715405  
0.385752  ,-0.039253 ,0.000000  ,0.385752  ,1.184001  ,1.982727  ,2.769934  ,3.566949  ,4.366492  ,-0.039253 ,-0.092151 ,-0.047013 ,0.095485  ,0.164524  ,0.191550  ,-0.066172 ,0.056453  ,0.179078  ,0.086406  ,0.033789  ,0.156414  ,0.224752  ,1.023000  ,1.821616  ,2.605775  ,3.562543  ,4.562543  ,0.385752  ,-0.039253 ,-0.066172 ,0.224752  ,1.085752  ,0.150000  ,0.000001  ,0.924752  ,1.785753  ,0.149993  ,0.000059  ,1.624752  ,2.485625  ,0.151033  ,-0.009240 ,2.324752  ,3.179407  ,0.201541  ,0.014267  ,3.024752  ,3.879589  ,0.200032  ,0.000287  ,3.724752  
0.389990  ,-0.040153 ,0.000000  ,0.389990  ,1.188275  ,1.986969  ,2.774077  ,3.571136  ,4.370685  ,-0.040153 ,-0.092498 ,-0.046806 ,0.096238  ,0.164769  ,0.191640  ,-0.065478 ,0.057147  ,0.179772  ,0.085768  ,0.033596  ,0.156221  ,0.228990  ,1.027274  ,1.825850  ,2.609602  ,3.566830  ,4.566830  ,0.389990  ,-0.040153 ,-0.065478 ,0.228990  ,1.089990  ,0.150000  ,0.000001  ,0.928990  ,1.789991  ,0.149992  ,0.000070  ,1.628990  ,2.489856  ,0.151085  ,-0.009704 ,2.328990  ,3.183673  ,0.201311  ,0.012041  ,3.028990  ,3.883826  ,0.200032  ,0.000292  ,3.728990  
0.385657  ,-0.039600 ,0.000000  ,0.385657  ,1.183977  ,1.982640  ,2.769795  ,3.566933  ,4.366493  ,-0.039600 ,-0.091406 ,-0.045173 ,0.097611  ,0.165218  ,0.191762  ,-0.064802 ,0.057823  ,0.179442  ,0.084610  ,0.033186  ,0.155811  ,0.224657  ,1.022976  ,1.821530  ,2.605749  ,3.562536  ,4.562536  ,0.385657  ,-0.039600 ,-0.064802 ,0.224657  ,1.085657  ,0.150000  ,0.000001  ,0.924657  ,1.785657  ,0.149993  ,0.000059  ,1.624657  ,2.485529  ,0.151032  ,-0.009230 ,2.324657  ,3.179311  ,0.201546  ,0.014318  ,3.024657  ,3.879494  ,0.200032  ,0.000287  ,3.724657  
0.384433  ,-0.036381 ,0.000000  ,0.384433  ,1.182638  ,1.981401  ,2.768726  ,3.565793  ,4.365343  ,-0.036381 ,-0.089947 ,-0.045476 ,0.096363  ,0.164811  ,0.191634  ,-0.067008 ,0.055617  ,0.178242  ,0.085665  ,0.033534  ,0.156159  ,0.223433  ,1.021637  ,1.820293  ,2.604709  ,3.561364  ,4.561364  ,0.384433  ,-0.036381 ,-0.067008 ,0.223433  ,1.084433  ,0.150000  ,0.000001  ,0.923433  ,1.784434  ,0.149994  ,0.000055  ,1.623433  ,2.484308  ,0.151016  ,-0.009091 ,2.323433  ,3.178079  ,0.201613  ,0.014976  ,3.023433  ,3.878270  ,0.200032  ,0.000285  ,3.723433  
0.377263  ,-0.036529 ,0.000000  ,0.377263  ,1.175389  ,1.974215  ,2.761745  ,3.558600  ,4.358123  ,-0.036529 ,-0.091249 ,-0.047933 ,0.092768  ,0.163640  ,0.191253  ,-0.068454 ,0.054171  ,0.176796  ,0.088706  ,0.034524  ,0.157149  ,0.216263  ,1.014388  ,1.813120  ,2.598160  ,3.554000  ,4.554000  ,0.377263  ,-0.036529 ,-0.068454 ,0.216263  ,1.077263  ,0.150000  ,0.000001  ,0.916263  ,1.777263  ,0.149996  ,0.000037  ,1.616263  ,2.477149  ,0.150922  ,-0.008244 ,2.316263  ,3.170860  ,0.202010  ,0.018967  ,3.016263  ,3.871100  ,0.200030  ,0.000274  ,3.716263  
0.374821  ,-0.039146 ,0.000000  ,0.374821  ,1.173074  ,1.971797  ,2.758995  ,3.556024  ,4.355571  ,-0.039146 ,-0.091997 ,-0.046812 ,0.095733  ,0.164610  ,0.191543  ,-0.066113 ,0.056512  ,0.179137  ,0.086203  ,0.033673  ,0.156298  ,0.213821  ,1.012072  ,1.810706  ,2.595728  ,3.551384  ,4.551384  ,0.374821  ,-0.039146 ,-0.066113 ,0.213821  ,1.074821  ,0.150000  ,0.000001  ,0.913821  ,1.774822  ,0.149997  ,0.000031  ,1.613821  ,2.474712  ,0.150888  ,-0.007944 ,2.313821  ,3.168402  ,0.202146  ,0.020374  ,3.013821  ,3.868659  ,0.200030  ,0.000269  ,3.713821  
0.372379  ,-0.037783 ,0.000000  ,0.372379  ,1.167800  ,1.966621  ,2.754136  ,3.550921  ,4.350437  ,-0.037783 ,-0.092562 ,-0.049158 ,0.091629  ,0.163272  ,0.191122  ,-0.068759 ,0.054281  ,0.176906  ,0.089674  ,0.034819  ,0.157444  ,0.211379  ,1.006798  ,1.805540  ,2.591135  ,3.546162  ,4.546162  ,0.372379  ,-0.037783 ,-0.068759 ,0.211379  ,1.072379  ,0.150000  ,0.000001  ,0.911379  ,1.772379  ,0.149997  ,0.000025  ,1.611379  ,2.472274  ,0.150854  ,-0.007639 ,2.311379  ,3.165943  ,0.202282  ,0.021806  ,3.011379  ,3.866217  ,0.200029  ,0.000264  ,3.711379  
0.367878  ,-0.036886 ,0.000000  ,0.367878  ,1.166067  ,1.964843  ,2.752211  ,3.549206  ,4.348749  ,-0.036886 ,-0.090692 ,-0.046462 ,0.095141  ,0.164421  ,0.191470  ,-0.067309 ,0.055316  ,0.177941  ,0.086708  ,0.033818  ,0.156443  ,0.206878  ,1.005066  ,1.803766  ,2.589437  ,3.544428  ,4.544429  ,0.367878  ,-0.036886 ,-0.067309 ,0.206878  ,1.067878  ,0.150000  ,0.000001  ,0.906878  ,1.767879  ,0.149998  ,0.000015  ,1.606878  ,2.467781  ,0.150790  ,-0.007064 ,2.306878  ,3.161411  ,0.202531  ,0.024502  ,3.006878  ,3.861717  ,0.200028  ,0.000253  ,3.706878  
0.372115  ,-0.035487 ,0.000000  ,0.372115  ,1.170283  ,1.969076  ,2.756496  ,3.553522  ,4.353068  ,-0.035487 ,-0.089588 ,-0.045652 ,0.095660  ,0.164588  ,0.191530  ,-0.067678 ,0.054947  ,0.177572  ,0.086266  ,0.033684  ,0.156309  ,0.211115  ,1.009282  ,1.807991  ,2.593417  ,3.548830  ,4.548830  ,0.372115  ,-0.035487 ,-0.067678 ,0.211115  ,1.072115  ,0.150000  ,0.000001  ,0.911115  ,1.772115  ,0.149997  ,0.000025  ,1.611115  ,2.472010  ,0.150850  ,-0.007605 ,2.311115  ,3.165677  ,0.202297  ,0.021962  ,3.011115  ,3.865953  ,0.200029  ,0.000264  ,3.711115  
0.370336  ,-0.037352 ,0.000000  ,0.370336  ,1.168507  ,1.967298  ,2.754712  ,3.551634  ,4.351166  ,-0.037352 ,-0.091419 ,-0.047449 ,0.093898  ,0.164013  ,0.191350  ,-0.067635 ,0.054990  ,0.177615  ,0.087757  ,0.034178  ,0.156803  ,0.209336  ,1.007506  ,1.806215  ,2.591722  ,3.546898  ,4.546898  ,0.370336  ,-0.037352 ,-0.067635 ,0.209336  ,1.070336  ,0.150000  ,0.000001  ,0.909336  ,1.770336  ,0.149998  ,0.000021  ,1.609336  ,2.470235  ,0.150825  ,-0.007380 ,2.309336  ,3.163886  ,0.202395  ,0.023020  ,3.009336  ,3.864175  ,0.200029  ,0.000259  ,3.709336  
0.372437  ,-0.037134 ,0.000000  ,0.372437  ,1.170634  ,1.969403  ,2.756748  ,3.553751  ,4.353295  ,-0.037134 ,-0.090808 ,-0.046446 ,0.095287  ,0.164466  ,0.191493  ,-0.067143 ,0.055482  ,0.178107  ,0.086581  ,0.033791  ,0.156416  ,0.211437  ,1.009633  ,1.808318  ,2.593639  ,3.549063  ,4.549063  ,0.372437  ,-0.037134 ,-0.067143 ,0.211437  ,1.072437  ,0.150000  ,0.000001  ,0.911437  ,1.772437  ,0.149997  ,0.000025  ,1.611437  ,2.472332  ,0.150855  ,-0.007646 ,2.311437  ,3.166001  ,0.202279  ,0.021771  ,3.011437  ,3.866275  ,0.200029  ,0.000264  ,3.711437  
0.374225  ,-0.042664 ,0.000000  ,0.374225  ,1.172562  ,1.971210  ,2.758178  ,3.555226  ,4.354775  ,-0.042664 ,-0.094227 ,-0.047753 ,0.096062  ,0.164718  ,0.191574  ,-0.064499 ,0.058126  ,0.180751  ,0.085925  ,0.033577  ,0.156202  ,0.213225  ,1.011560  ,1.810121  ,2.594983  ,3.550571  ,4.550571  ,0.374225  ,-0.042664 ,-0.064499 ,0.213225  ,1.074225  ,0.150000  ,0.000001  ,0.913225  ,1.774225  ,0.149997  ,0.000030  ,1.613225  ,2.474117  ,0.150880  ,-0.007870 ,2.313225  ,3.167801  ,0.202179  ,0.020721  ,3.013225  ,3.868063  ,0.200030  ,0.000268  ,3.713225  
0.376541  ,-0.041517 ,0.000000  ,0.376541  ,1.174842  ,1.973523  ,2.760589  ,3.557609  ,4.357154  ,-0.041517 ,-0.093630 ,-0.047706 ,0.095567  ,0.164555  ,0.191530  ,-0.065188 ,0.057437  ,0.180062  ,0.086342  ,0.033726  ,0.156351  ,0.215541  ,1.013841  ,1.812429  ,2.597193  ,3.553000  ,4.553000  ,0.376541  ,-0.041517 ,-0.065188 ,0.215541  ,1.076541  ,0.150000  ,0.000001  ,0.915541  ,1.776542  ,0.149996  ,0.000035  ,1.615541  ,2.476429  ,0.150912  ,-0.008156 ,2.315541  ,3.170133  ,0.202050  ,0.019380  ,3.015541  ,3.870379  ,0.200030  ,0.000273  ,3.715541  
0.379282  ,-0.042868 ,0.000000  ,0.379282  ,1.177607  ,1.976267  ,2.763268  ,3.560272  ,4.359815  ,-0.042868 ,-0.094619 ,-0.048332 ,0.095298  ,0.164465  ,0.191510  ,-0.064734 ,0.057891  ,0.180516  ,0.086567  ,0.033813  ,0.156438  ,0.218282  ,1.016606  ,1.815167  ,2.599650  ,3.555718  ,4.555718  ,0.379282  ,-0.042868 ,-0.064734 ,0.218282  ,1.079283  ,0.150000  ,0.000001  ,0.918282  ,1.779283  ,0.149995  ,0.000042  ,1.618282  ,2.479166  ,0.150949  ,-0.008489 ,2.318282  ,3.172894  ,0.201898  ,0.017820  ,3.018282  ,3.873120  ,0.200031  ,0.000278  ,3.718282  
0.379210  ,-0.041062 ,0.000000  ,0.379210  ,1.177626  ,1.976201  ,2.763576  ,3.560732  ,4.360294  ,-0.041062 ,-0.091368 ,-0.043636 ,0.097933  ,0.165326  ,0.191775  ,-0.062924 ,0.059701  ,0.177897  ,0.084342  ,0.033067  ,0.155692  ,0.218210  ,1.016625  ,1.815104  ,2.600034  ,3.556199  ,4.556199  ,0.379210  ,-0.041062 ,-0.062924 ,0.218210  ,1.079210  ,0.150000  ,0.000001  ,0.918210  ,1.779210  ,0.149995  ,0.000042  ,1.618210  ,2.479093  ,0.150948  ,-0.008480 ,2.318210  ,3.172820  ,0.201902  ,0.017861  ,3.018210  ,3.873047  ,0.200031  ,0.000278  ,3.718210  
0.377477  ,-0.037084 ,0.000000  ,0.377477  ,1.175631  ,1.974436  ,2.761894  ,3.558788  ,4.358316  ,-0.037084 ,-0.091398 ,-0.047675 ,0.093427  ,0.163855  ,0.191320  ,-0.067944 ,0.054681  ,0.177306  ,0.088149  ,0.034337  ,0.156962  ,0.216477  ,1.014630  ,1.813340  ,2.598320  ,3.554195  ,4.554195  ,0.377477  ,-0.037084 ,-0.067944 ,0.216477  ,1.077477  ,0.150000  ,0.000001  ,0.916477  ,1.777478  ,0.149996  ,0.000038  ,1.616477  ,2.477364  ,0.150925  ,-0.008271 ,2.316477  ,3.171076  ,0.201998  ,0.018844  ,3.016477  ,3.871315  ,0.200030  ,0.000275  ,3.716477  
0.377986  ,-0.041599 ,0.000000  ,0.377986  ,1.176306  ,1.974970  ,2.761983  ,3.559049  ,4.358600  ,-0.041599 ,-0.093417 ,-0.047198 ,0.096366  ,0.164815  ,0.191614  ,-0.064818 ,0.057807  ,0.180432  ,0.085666  ,0.033505  ,0.156130  ,0.216986  ,1.015305  ,1.813873  ,2.598506  ,3.554474  ,4.554474  ,0.377986  ,-0.041599 ,-0.064818 ,0.216986  ,1.077986  ,0.150000  ,0.000001  ,0.916986  ,1.777987  ,0.149996  ,0.000039  ,1.616986  ,2.477871  ,0.150932  ,-0.008332 ,2.316986  ,3.171588  ,0.201970  ,0.018554  ,3.016986  ,3.871824  ,0.200031  ,0.000275  ,3.716986  
0.379341  ,-0.043065 ,0.000000  ,0.379341  ,1.177649  ,1.976323  ,2.763369  ,3.560318  ,4.359853  ,-0.043065 ,-0.095066 ,-0.049028 ,0.094355  ,0.164157  ,0.191416  ,-0.065047 ,0.057578  ,0.180203  ,0.087364  ,0.034080  ,0.156705  ,0.218341  ,1.016648  ,1.815223  ,2.599708  ,3.555761  ,4.555761  ,0.379341  ,-0.043065 ,-0.065047 ,0.218341  ,1.079341  ,0.150000  ,0.000001  ,0.918341  ,1.779341  ,0.149995  ,0.000042  ,1.618341  ,2.479224  ,0.150950  ,-0.008496 ,2.318341  ,3.172952  ,0.201895  ,0.017788  ,3.018341  ,3.873178  ,0.200031  ,0.000278  ,3.718341  
0.374438  ,-0.042209 ,0.000000  ,0.374438  ,1.163872  ,1.962561  ,2.749650  ,3.546576  ,4.346110  ,-0.042209 ,-0.094956 ,-0.049162 ,0.093981  ,0.164044  ,0.191350  ,-0.066717 ,0.057273  ,0.179898  ,0.087691  ,0.034139  ,0.156764  ,0.213438  ,1.002871  ,1.801486  ,2.587041  ,3.541745  ,4.541745  ,0.374438  ,-0.042209 ,-0.066717 ,0.213438  ,1.074438  ,0.150000  ,0.000001  ,0.913438  ,1.774439  ,0.149997  ,0.000030  ,1.613438  ,2.474330  ,0.150883  ,-0.007897 ,2.313438  ,3.168016  ,0.202167  ,0.020597  ,3.013438  ,3.868276  ,0.200030  ,0.000269  ,3.713438  
0.386510  ,-0.043869 ,0.000000  ,0.386510  ,1.184894  ,1.983499  ,2.770364  ,3.567462  ,4.367017  ,-0.043869 ,-0.094685 ,-0.047463 ,0.096909  ,0.164989  ,0.191694  ,-0.063563 ,0.059062  ,0.181459  ,0.085203  ,0.033387  ,0.156012  ,0.225510  ,1.023893  ,1.822386  ,2.606238  ,3.563074  ,4.563074  ,0.386510  ,-0.043869 ,-0.063563 ,0.225510  ,1.086510  ,0.150000  ,0.000001  ,0.925510  ,1.786511  ,0.149993  ,0.000061  ,1.625510  ,2.486381  ,0.151043  ,-0.009325 ,2.325510  ,3.180170  ,0.201500  ,0.013863  ,3.025510  ,3.880347  ,0.200032  ,0.000288  ,3.725510  
0.373670  ,-0.037112 ,0.000000  ,0.373670  ,1.171804  ,1.970625  ,2.758137  ,3.554974  ,4.354496  ,-0.037112 ,-0.091732 ,-0.048316 ,0.092484  ,0.163549  ,0.191216  ,-0.068328 ,0.054297  ,0.176922  ,0.088949  ,0.034591  ,0.157216  ,0.212670  ,1.010802  ,1.809536  ,2.594838  ,3.550299  ,4.550299  ,0.373670  ,-0.037112 ,-0.068328 ,0.212670  ,1.073670  ,0.150000  ,0.000001  ,0.912670  ,1.773671  ,0.149997  ,0.000028  ,1.612670  ,2.473563  ,0.150872  ,-0.007801 ,2.312670  ,3.167243  ,0.202210  ,0.021046  ,3.012670  ,3.867508  ,0.200030  ,0.000267  ,3.712670  
0.371215  ,-0.037214 ,0.000000  ,0.371215  ,1.169418  ,1.968182  ,2.755511  ,3.552525  ,4.352070  ,-0.037214 ,-0.090799 ,-0.046348 ,0.095473  ,0.164527  ,0.191509  ,-0.067032 ,0.055593  ,0.178218  ,0.086425  ,0.033734  ,0.156359  ,0.210215  ,1.008417  ,1.807099  ,2.592501  ,3.547814  ,4.547814  ,0.371215  ,-0.037214 ,-0.067032 ,0.210215  ,1.071215  ,0.150000  ,0.000001  ,0.910215  ,1.771215  ,0.149997  ,0.000023  ,1.610215  ,2.471112  ,0.150838  ,-0.007491 ,2.310215  ,3.164771  ,0.202347  ,0.022496  ,3.010215  ,3.865053  ,0.200029  ,0.000261  ,3.710215  
0.381853  ,-0.041866 ,0.000000  ,0.381853  ,1.180169  ,1.978836  ,2.765861  ,3.562901  ,4.362448  ,-0.041866 ,-0.093747 ,-0.047591 ,0.095909  ,0.164664  ,0.191579  ,-0.064898 ,0.057727  ,0.180352  ,0.086049  ,0.033650  ,0.156275  ,0.220853  ,1.019168  ,1.817732  ,2.602058  ,3.558406  ,4.558406  ,0.381853  ,-0.041866 ,-0.064898 ,0.220853  ,1.081853  ,0.150000  ,0.000001  ,0.920853  ,1.781854  ,0.149995  ,0.000049  ,1.620853  ,2.481732  ,0.150983  ,-0.008793 ,2.320853  ,3.175481  ,0.201756  ,0.016387  ,3.020853  ,3.875690  ,0.200031  ,0.000282  ,3.720853  
0.374816  ,-0.041370 ,0.000000  ,0.374816  ,1.173086  ,1.971794  ,2.758945  ,3.555890  ,4.355426  ,-0.041370 ,-0.093957 ,-0.048506 ,0.094299  ,0.164141  ,0.191399  ,-0.065781 ,0.056844  ,0.179469  ,0.087414  ,0.034079  ,0.156704  ,0.213816  ,1.012085  ,1.810703  ,2.595637  ,3.551241  ,4.551241  ,0.374816  ,-0.041370 ,-0.065781 ,0.213816  ,1.074816  ,0.150000  ,0.000001  ,0.913816  ,1.774817  ,0.149997  ,0.000031  ,1.613816  ,2.474707  ,0.150888  ,-0.007944 ,2.313816  ,3.168397  ,0.202146  ,0.020377  ,3.013816  ,3.868654  ,0.200030  ,0.000269  ,3.713816  
0.371526  ,-0.038371 ,0.000000  ,0.371526  ,1.169739  ,1.968495  ,2.755796  ,3.552770  ,4.352309  ,-0.038371 ,-0.091801 ,-0.047194 ,0.094780  ,0.164301  ,0.191441  ,-0.066837 ,0.055788  ,0.178413  ,0.087010  ,0.033931  ,0.156556  ,0.210526  ,1.008738  ,1.807410  ,2.592746  ,3.548060  ,4.548060  ,0.371526  ,-0.038371 ,-0.066837 ,0.210526  ,1.071526  ,0.150000  ,0.000001  ,0.910526  ,1.771526  ,0.149997  ,0.000023  ,1.610526  ,2.471422  ,0.150842  ,-0.007531 ,2.310526  ,3.165084  ,0.202329  ,0.022311  ,3.010526  ,3.865364  ,0.200029  ,0.000262  ,3.710526  
0.377261  ,-0.043806 ,0.000000  ,0.377261  ,1.161708  ,1.960341  ,2.747261  ,3.544241  ,4.343783  ,-0.043806 ,-0.095912 ,-0.049175 ,0.094899  ,0.164345  ,0.191438  ,-0.066327 ,0.058455  ,0.181080  ,0.086918  ,0.033872  ,0.156497  ,0.216261  ,1.000707  ,1.799271  ,2.584839  ,3.539371  ,4.539371  ,0.377261  ,-0.043806 ,-0.066327 ,0.216261  ,1.077261  ,0.150000  ,0.000001  ,0.916261  ,1.777261  ,0.149996  ,0.000037  ,1.616261  ,2.477147  ,0.150922  ,-0.008244 ,2.316261  ,3.170858  ,0.202010  ,0.018968  ,3.016261  ,3.871098  ,0.200030  ,0.000274  ,3.716261  
0.378255  ,-0.041280 ,0.000000  ,0.378255  ,1.176523  ,1.975233  ,2.762388  ,3.559335  ,4.358870  ,-0.041280 ,-0.093892 ,-0.048466 ,0.094316  ,0.164145  ,0.191410  ,-0.065812 ,0.056813  ,0.179438  ,0.087398  ,0.034088  ,0.156713  ,0.217255  ,1.015522  ,1.814135  ,2.598806  ,3.554757  ,4.554757  ,0.378255  ,-0.041280 ,-0.065812 ,0.217255  ,1.078255  ,0.150000  ,0.000001  ,0.917255  ,1.778256  ,0.149996  ,0.000040  ,1.617255  ,2.478140  ,0.150935  ,-0.008365 ,2.317255  ,3.171859  ,0.201955  ,0.018401  ,3.017255  ,3.872093  ,0.200031  ,0.000276  ,3.717255  
0.377135  ,-0.041394 ,0.000000  ,0.377135  ,1.175405  ,1.974113  ,2.761264  ,3.558208  ,4.357743  ,-0.041394 ,-0.093985 ,-0.048538 ,0.094263  ,0.164128  ,0.191402  ,-0.065786 ,0.056839  ,0.179464  ,0.087443  ,0.034098  ,0.156723  ,0.216135  ,1.014403  ,1.813017  ,2.597771  ,3.553606  ,4.553606  ,0.377135  ,-0.041394 ,-0.065786 ,0.216135  ,1.077135  ,0.150000  ,0.000001  ,0.916135  ,1.777136  ,0.149996  ,0.000037  ,1.616135  ,2.477022  ,0.150920  ,-0.008229 ,2.316135  ,3.170731  ,0.202017  ,0.019039  ,3.016135  ,3.870973  ,0.200030  ,0.000274  ,3.716135  
0.375263  ,-0.042372 ,0.000000  ,0.375263  ,1.173179  ,1.971877  ,2.758995  ,3.555912  ,4.355444  ,-0.042372 ,-0.094798 ,-0.049165 ,0.093820  ,0.163985  ,0.191352  ,-0.065609 ,0.057072  ,0.179696  ,0.087819  ,0.034215  ,0.156840  ,0.214263  ,1.012178  ,1.810785  ,2.595668  ,3.551261  ,4.551261  ,0.375263  ,-0.042372 ,-0.065609 ,0.214263  ,1.075263  ,0.150000  ,0.000001  ,0.914263  ,1.775264  ,0.149996  ,0.000032  ,1.614263  ,2.475153  ,0.150894  ,-0.007999 ,2.314263  ,3.168847  ,0.202121  ,0.020117  ,3.014263  ,3.869101  ,0.200030  ,0.000270  ,3.714263  
0.372521  ,-0.046531 ,0.000000  ,0.372521  ,1.168220  ,1.966791  ,2.753521  ,3.550563  ,4.350111  ,-0.046531 ,-0.096945 ,-0.049159 ,0.095948  ,0.164683  ,0.191553  ,-0.063273 ,0.059768  ,0.182393  ,0.086025  ,0.033593  ,0.156218  ,0.211521  ,1.007218  ,1.805709  ,2.590670  ,3.545815  ,4.545815  ,0.372521  ,-0.046531 ,-0.063273 ,0.211521  ,1.072521  ,0.150000  ,0.000001  ,0.911521  ,1.772521  ,0.149997  ,0.000026  ,1.611521  ,2.472415  ,0.150856  ,-0.007657 ,2.311521  ,3.166086  ,0.202274  ,0.021722  ,3.011521  ,3.866359  ,0.200029  ,0.000264  ,3.711521  
0.374383  ,-0.043941 ,0.000000  ,0.374383  ,1.170101  ,1.968749  ,2.755715  ,3.552682  ,4.352220  ,-0.043941 ,-0.095646 ,-0.049162 ,0.094662  ,0.164262  ,0.191429  ,-0.064888 ,0.058138  ,0.180763  ,0.087110  ,0.033965  ,0.156590  ,0.213383  ,1.009100  ,1.807664  ,2.592668  ,3.547970  ,4.547970  ,0.374383  ,-0.043941 ,-0.064888 ,0.213383  ,1.074383  ,0.150000  ,0.000001  ,0.913383  ,1.774383  ,0.149997  ,0.000030  ,1.613383  ,2.474274  ,0.150882  ,-0.007890 ,2.313383  ,3.167960  ,0.202170  ,0.020629  ,3.013383  ,3.868221  ,0.200030  ,0.000269  ,3.713383  
0.374229  ,-0.044616 ,0.000000  ,0.374229  ,1.172647  ,1.971221  ,2.758178  ,3.555264  ,4.354818  ,-0.044616 ,-0.094905 ,-0.047156 ,0.096712  ,0.164930  ,0.191639  ,-0.062904 ,0.059721  ,0.180819  ,0.085376  ,0.033393  ,0.156018  ,0.213229  ,1.011646  ,1.810131  ,2.595003  ,3.550612  ,4.550612  ,0.374229  ,-0.044616 ,-0.062904 ,0.213229  ,1.074229  ,0.150000  ,0.000001  ,0.913229  ,1.774229  ,0.149997  ,0.000030  ,1.613229  ,2.474121  ,0.150880  ,-0.007871 ,2.313229  ,3.167806  ,0.202179  ,0.020719  ,3.013229  ,3.868067  ,0.200030  ,0.000268  ,3.713229  
0.377823  ,-0.039380 ,0.000000  ,0.377823  ,1.176102  ,1.974802  ,2.761926  ,3.559013  ,4.358567  ,-0.039380 ,-0.091820 ,-0.046222 ,0.096729  ,0.164934  ,0.191650  ,-0.065596 ,0.057029  ,0.179654  ,0.085359  ,0.033402  ,0.156027  ,0.216823  ,1.015101  ,1.813706  ,2.598467  ,3.554439  ,4.554439  ,0.377823  ,-0.039380 ,-0.065596 ,0.216823  ,1.077823  ,0.150000  ,0.000001  ,0.916823  ,1.777823  ,0.149996  ,0.000039  ,1.616823  ,2.477708  ,0.150929  ,-0.008313 ,2.316823  ,3.171424  ,0.201979  ,0.018647  ,3.016823  ,3.871660  ,0.200030  ,0.000275  ,3.716823  
0.374304  ,-0.042357 ,0.000000  ,0.374304  ,1.172673  ,1.971292  ,2.758339  ,3.555438  ,4.354994  ,-0.042357 ,-0.093416 ,-0.046436 ,0.096941  ,0.165005  ,0.191662  ,-0.063867 ,0.058758  ,0.180195  ,0.085183  ,0.033328  ,0.155953  ,0.213304  ,1.011671  ,1.810203  ,2.595159  ,3.550791  ,4.550791  ,0.374304  ,-0.042357 ,-0.063867 ,0.213304  ,1.074304  ,0.150000  ,0.000001  ,0.913304  ,1.774304  ,0.149997  ,0.000030  ,1.613304  ,2.474195  ,0.150881  ,-0.007880 ,2.313304  ,3.167881  ,0.202175  ,0.020675  ,3.013304  ,3.868142  ,0.200030  ,0.000268  ,3.713304  
0.376859  ,-0.040386 ,0.000000  ,0.376859  ,1.162203  ,1.960937  ,2.748171  ,3.545049  ,4.344577  ,-0.040386 ,-0.094157 ,-0.049173 ,0.093174  ,0.163781  ,0.191267  ,-0.068361 ,0.056260  ,0.178885  ,0.088375  ,0.034364  ,0.156989  ,0.215859  ,1.001201  ,1.799865  ,2.585657  ,3.540186  ,4.540186  ,0.376859  ,-0.040386 ,-0.068361 ,0.215859  ,1.076859  ,0.150000  ,0.000001  ,0.915859  ,1.776860  ,0.149996  ,0.000036  ,1.615859  ,2.476746  ,0.150916  ,-0.008195 ,2.315859  ,3.170454  ,0.202033  ,0.019197  ,3.015859  ,3.870697  ,0.200030  ,0.000273  ,3.715859  
0.381320  ,-0.036142 ,0.000000  ,0.381320  ,1.179495  ,1.978282  ,2.765685  ,3.562690  ,4.362232  ,-0.036142 ,-0.090142 ,-0.046104 ,0.095308  ,0.164468  ,0.191518  ,-0.067550 ,0.055075  ,0.177700  ,0.086557  ,0.033820  ,0.156445  ,0.220320  ,1.018494  ,1.817180  ,2.601872  ,3.558188  ,4.558188  ,0.381320  ,-0.036142 ,-0.067550 ,0.220320  ,1.081320  ,0.150000  ,0.000001  ,0.920320  ,1.781320  ,0.149995  ,0.000047  ,1.620320  ,2.481200  ,0.150976  ,-0.008731 ,2.320320  ,3.174945  ,0.201785  ,0.016682  ,3.020320  ,3.875157  ,0.200031  ,0.000281  ,3.720320  
0.376436  ,-0.038392 ,0.000000  ,0.376436  ,1.174672  ,1.973409  ,2.760651  ,3.557682  ,4.357228  ,-0.038392 ,-0.091490 ,-0.046552 ,0.095749  ,0.164614  ,0.191549  ,-0.066422 ,0.056203  ,0.178828  ,0.086188  ,0.033674  ,0.156299  ,0.215436  ,1.013671  ,1.812316  ,2.597257  ,3.553076  ,4.553076  ,0.376436  ,-0.038392 ,-0.066422 ,0.215436  ,1.076436  ,0.150000  ,0.000001  ,0.915436  ,1.776437  ,0.149996  ,0.000035  ,1.615436  ,2.476324  ,0.150910  ,-0.008143 ,2.315436  ,3.170028  ,0.202056  ,0.019440  ,3.015436  ,3.870274  ,0.200030  ,0.000273  ,3.715436  
0.377839  ,-0.040779 ,0.000000  ,0.377839  ,1.176166  ,1.974824  ,2.761888  ,3.558996  ,4.358553  ,-0.040779 ,-0.092504 ,-0.046192 ,0.097092  ,0.165052  ,0.191686  ,-0.064702 ,0.057923  ,0.180076  ,0.085053  ,0.033299  ,0.155924  ,0.216839  ,1.015164  ,1.813728  ,2.598445  ,3.554423  ,4.554423  ,0.377839  ,-0.040779 ,-0.064702 ,0.216839  ,1.077839  ,0.150000  ,0.000001  ,0.916839  ,1.777840  ,0.149996  ,0.000039  ,1.616839  ,2.477725  ,0.150930  ,-0.008315 ,2.316839  ,3.171441  ,0.201978  ,0.018638  ,3.016839  ,3.871677  ,0.200030  ,0.000275  ,3.716839  
0.366866  ,-0.036963 ,0.000000  ,0.366866  ,1.164998  ,1.963820  ,2.751333  ,3.548178  ,4.347701  ,-0.036963 ,-0.091588 ,-0.048178 ,0.092617  ,0.163597  ,0.191216  ,-0.068335 ,0.054290  ,0.176915  ,0.088842  ,0.034530  ,0.157155  ,0.205866  ,1.003997  ,1.802743  ,2.588572  ,3.543370  ,4.543370  ,0.366866  ,-0.036963 ,-0.068335 ,0.205866  ,1.066866  ,0.150000  ,0.000001  ,0.905866  ,1.766866  ,0.149999  ,0.000013  ,1.605866  ,2.466770  ,0.150775  ,-0.006933 ,2.305866  ,3.160392  ,0.202587  ,0.025119  ,3.005866  ,3.860704  ,0.200028  ,0.000250  ,3.705866  
0.366540  ,-0.036462 ,0.000000  ,0.366540  ,1.164710  ,1.963502  ,2.750920  ,3.547890  ,4.347429  ,-0.036462 ,-0.090554 ,-0.046610 ,0.094711  ,0.164282  ,0.191425  ,-0.067667 ,0.054958  ,0.177583  ,0.087073  ,0.033935  ,0.156560  ,0.205540  ,1.003708  ,1.802426  ,2.588232  ,3.543086  ,4.543086  ,0.366540  ,-0.036462 ,-0.067667 ,0.205540  ,1.066540  ,0.150000  ,0.000001  ,0.905540  ,1.766541  ,0.149999  ,0.000012  ,1.605540  ,2.466445  ,0.150770  ,-0.006891 ,2.305540  ,3.160064  ,0.202605  ,0.025318  ,3.005540  ,3.860379  ,0.200028  ,0.000250  ,3.705540  
0.374932  ,-0.036070 ,0.000000  ,0.374932  ,1.173142  ,1.971901  ,2.759214  ,3.556310  ,4.355865  ,-0.036070 ,-0.089569 ,-0.045030 ,0.096876  ,0.164983  ,0.191658  ,-0.066923 ,0.055702  ,0.178327  ,0.085237  ,0.033350  ,0.155975  ,0.213932  ,1.012140  ,1.810811  ,2.595967  ,3.551680  ,4.551680  ,0.374932  ,-0.036070 ,-0.066923 ,0.213932  ,1.074932  ,0.150000  ,0.000001  ,0.913932  ,1.774933  ,0.149996  ,0.000031  ,1.613932  ,2.474823  ,0.150890  ,-0.007958 ,2.313932  ,3.168514  ,0.202140  ,0.020309  ,3.013932  ,3.868770  ,0.200030  ,0.000270  ,3.713932  
0.374703  ,-0.032695 ,0.000000  ,0.374703  ,1.172780  ,1.971645  ,2.759302  ,3.556256  ,4.355792  ,-0.032695 ,-0.088140 ,-0.045550 ,0.094436  ,0.164186  ,0.191414  ,-0.069362 ,0.053263  ,0.175888  ,0.087298  ,0.034041  ,0.156666  ,0.213703  ,1.011779  ,1.810556  ,2.595971  ,3.551615  ,4.551615  ,0.374703  ,-0.032695 ,-0.069362 ,0.213703  ,1.074703  ,0.150000  ,0.000001  ,0.913703  ,1.774704  ,0.149997  ,0.000031  ,1.613703  ,2.474594  ,0.150887  ,-0.007930 ,2.313703  ,3.168283  ,0.202153  ,0.020443  ,3.013703  ,3.868541  ,0.200030  ,0.000269  ,3.713703  
0.383037  ,-0.039817 ,0.000000  ,0.383037  ,1.181343  ,1.980019  ,2.767102  ,3.564224  ,4.363781  ,-0.039817 ,-0.091857 ,-0.045858 ,0.097322  ,0.165125  ,0.191724  ,-0.065095 ,0.057530  ,0.179945  ,0.084855  ,0.033255  ,0.155880  ,0.222037  ,1.020342  ,1.818914  ,2.603260  ,3.559764  ,4.559764  ,0.383037  ,-0.039817 ,-0.065095 ,0.222037  ,1.083037  ,0.150000  ,0.000001  ,0.922037  ,1.783038  ,0.149994  ,0.000052  ,1.622037  ,2.482914  ,0.150998  ,-0.008931 ,2.322037  ,3.176674  ,0.201690  ,0.015736  ,3.022037  ,3.876874  ,0.200031  ,0.000284  ,3.722037  
0.374152  ,-0.037570 ,0.000000  ,0.374152  ,1.172405  ,1.971127  ,2.758326  ,3.555447  ,4.355006  ,-0.037570 ,-0.090416 ,-0.045224 ,0.097319  ,0.165128  ,0.191700  ,-0.066106 ,0.056519  ,0.179135  ,0.084864  ,0.033221  ,0.155846  ,0.213152  ,1.011404  ,1.810039  ,2.595158  ,3.550801  ,4.550801  ,0.374152  ,-0.037570 ,-0.066106 ,0.213152  ,1.074152  ,0.150000  ,0.000001  ,0.913152  ,1.774153  ,0.149997  ,0.000030  ,1.613152  ,2.474044  ,0.150879  ,-0.007861 ,2.313152  ,3.167728  ,0.202183  ,0.020764  ,3.013152  ,3.867990  ,0.200030  ,0.000268  ,3.713152  
0.399942  ,-0.035520 ,0.111204  ,0.399942  ,1.198685  ,1.996913  ,2.786122  ,3.583604  ,4.383207  ,-0.035520 ,-0.080343 ,-0.027128 ,0.103827  ,0.167248  ,0.192455  ,-0.056057 ,0.066568  ,0.164434  ,0.079360  ,0.031514  ,0.154139  ,0.238942  ,1.037684  ,1.835787  ,2.621120  ,3.579640  ,4.579640  ,0.399942  ,-0.035520 ,-0.056057 ,0.238942  ,1.099942  ,0.150000  ,0.000000  ,0.938942  ,1.799943  ,0.149989  ,0.000097  ,1.638942  ,2.499795  ,0.151194  ,-0.010683 ,2.338942  ,3.193689  ,0.200792  ,0.007160  ,3.038942  ,3.893778  ,0.200033  ,0.000297  ,3.738942  
0.414864  ,-0.035160 ,0.413478  ,0.414864  ,1.213356  ,2.011858  ,2.799992  ,3.597371  ,4.396958  ,-0.035160 ,-0.084270 ,-0.035341 ,0.101938  ,0.166633  ,0.192348  ,-0.061426 ,0.061199  ,0.172452  ,0.080958  ,0.032149  ,0.154774  ,0.253864  ,1.052355  ,1.850695  ,2.633560  ,3.593780  ,4.593780  ,0.414864  ,-0.035160 ,-0.061426 ,0.253864  ,1.114864  ,0.150000  ,-0.000000 ,0.953864  ,1.814866  ,0.149984  ,0.000140  ,1.653864  ,2.514702  ,0.151318  ,-0.011793 ,2.353864  ,3.208697  ,0.200095  ,0.000851  ,3.053864  ,3.908700  ,0.200032  ,0.000293  ,3.753864  
0.475889  ,-0.066568 ,0.000000  ,0.475889  ,1.275601  ,2.071933  ,2.861907  ,3.659932  ,4.459591  ,-0.066568 ,-0.088028 ,-0.011507 ,0.114755  ,0.170933  ,0.194277  ,-0.026828 ,0.095797  ,0.158490  ,0.070281  ,0.029184  ,0.151809  ,0.314889  ,1.114603  ,1.910775  ,2.691222  ,3.657781  ,4.657781  ,0.475889  ,-0.066568 ,-0.026828 ,0.314889  ,1.175889  ,0.150000  ,-0.000003 ,1.014889  ,1.875893  ,0.149967  ,0.000292  ,1.714889  ,2.575763  ,0.151028  ,-0.009194 ,2.414889  ,3.269897  ,0.198673  ,-0.011869 ,3.114889  ,3.969727  ,0.200017  ,0.000156  ,3.814889  
0.466130  ,-0.061212 ,0.267887  ,0.466130  ,1.265945  ,2.061860  ,2.853433  ,3.651616  ,4.451299  ,-0.061212 ,-0.078433 ,0.002306  ,0.118117  ,0.172011  ,0.194512  ,-0.021529 ,0.101096  ,0.145273  ,0.067419  ,0.028130  ,0.150755  ,0.305130  ,1.104946  ,1.900707  ,2.684250  ,3.649396  ,4.649396  ,0.466130  ,-0.061212 ,-0.021529 ,0.305130  ,1.166130  ,0.150000  ,-0.000003 ,1.005130  ,1.866134  ,0.149970  ,0.000273  ,1.705130  ,2.565984  ,0.151185  ,-0.010601 ,2.405130  ,3.260127  ,0.198763  ,-0.011061 ,3.105130  ,3.959967  ,0.200021  ,0.000188  ,3.805130  
0.480721  ,-0.075066 ,0.092623  ,0.480721  ,1.280695  ,2.075442  ,2.867551  ,3.665911  ,4.465616  ,-0.075066 ,-0.081435 ,0.010095  ,0.122182  ,0.173382  ,0.195096  ,-0.007961 ,0.114664  ,0.140571  ,0.064044  ,0.027146  ,0.149771  ,0.319721  ,1.119697  ,1.914310  ,2.698078  ,3.663829  ,4.663829  ,0.480721  ,-0.075066 ,-0.007961 ,0.319721  ,1.180721  ,0.150000  ,-0.000003 ,1.019721  ,1.880725  ,0.149966  ,0.000300  ,1.719721  ,2.580606  ,0.150931  ,-0.008326 ,2.419721  ,3.274732  ,0.198644  ,-0.012126 ,3.119721  ,3.974560  ,0.200015  ,0.000140  ,3.819721  
0.495023  ,-0.081946 ,0.209096  ,0.495023  ,1.295013  ,2.089466  ,2.881150  ,3.679556  ,4.479265  ,-0.081946 ,-0.085782 ,0.008263  ,0.123313  ,0.173795  ,0.195378  ,-0.004795 ,0.117830  ,0.144313  ,0.063143  ,0.026983  ,0.149608  ,0.565977  ,1.134016  ,1.928354  ,2.710853  ,3.677498  ,4.677498  ,0.495023  ,-0.081946 ,-0.004795 ,0.565977  ,1.426978  ,0.149998  ,0.000017  ,1.265977  ,2.126965  ,0.150101  ,-0.000904 ,1.965977  ,2.826639  ,0.152748  ,0.131803  ,2.665977  ,3.520782  ,0.200324  ,0.002897  ,3.365977  ,4.220845  ,0.199972  ,-0.000268 ,4.065977  
0.653966  ,-0.086688 ,0.989739  ,0.653966  ,1.453237  ,2.242331  ,3.037754  ,3.837427  ,4.637335  ,-0.086688 ,-0.052552 ,0.079093  ,0.164551  ,0.187412  ,0.199561  ,0.042683  ,0.165308  ,0.107026  ,0.028581  ,0.015187  ,0.137812  ,0.492966  ,1.292235  ,2.081596  ,2.879581  ,3.828561  ,4.828561  ,0.653966  ,-0.086688 ,0.042683  ,0.492966  ,1.353966  ,0.149999  ,0.000007  ,1.192966  ,2.053960  ,0.150044  ,-0.000397 ,1.892966  ,2.754569  ,0.145095  ,0.089294  ,2.592966  ,3.447775  ,0.200284  ,0.002539  ,3.292966  ,4.147842  ,0.199957  ,-0.000407 ,3.992966  
0.777267  ,-0.085219 ,1.229340  ,0.777267  ,1.576165  ,2.363929  ,3.160642  ,3.960431  ,4.760416  ,-0.085219 ,-0.043242 ,0.096139  ,0.168592  ,0.186938  ,0.191843  ,0.052495  ,0.175120  ,0.090691  ,0.022934  ,0.006132  ,0.128757  ,0.783733  ,1.415149  ,2.202711  ,3.007964  ,3.951561  ,4.951561  ,0.777267  ,-0.085219 ,0.052495  ,0.783733  ,1.644732  ,0.150009  ,-0.000083 ,1.483733  ,2.344778  ,0.149633  ,0.003282  ,2.183733  ,3.038178  ,0.203250  ,0.108751  ,2.883733  ,3.738589  ,0.199926  ,-0.000664 ,3.583733  ,4.438462  ,0.200131  ,0.001250  ,4.283733  
0.930645  ,-0.074132 ,1.369939  ,0.930645  ,1.729008  ,2.520387  ,3.318473  ,4.118473  ,4.912755  ,-0.074132 ,-0.022983 ,0.094150  ,0.149457  ,0.149634  ,0.054157  ,0.063979  ,0.146945  ,0.069189  ,0.000221  ,-0.119630 ,0.002995  ,0.769645  ,1.568033  ,2.359274  ,3.233684  ,4.233684  ,5.233684  ,0.930645  ,-0.074132 ,0.063979  ,0.769645  ,1.630644  ,0.150009  ,-0.000078 ,1.469645  ,2.330691  ,0.149629  ,0.003319  ,2.169645  ,3.024266  ,0.201818  ,0.117115  ,2.869645  ,3.724502  ,0.199914  ,-0.000770 ,3.569645  ,4.424369  ,0.200137  ,0.001305  ,4.269645  
1.122847  ,-0.052008 ,1.406267  ,1.122847  ,1.920263  ,2.713896  ,3.512073  ,4.311331  ,5.100376  ,-0.052008 ,0.012236  ,0.112964  ,0.166951  ,0.132516  ,0.000576  ,0.080393  ,0.126245  ,0.067535  ,-0.043057 ,-0.165682 ,-0.043057 ,0.961847  ,1.759255  ,2.553087  ,3.419909  ,4.419909  ,5.419909  ,1.122847  ,-0.052008 ,0.080393  ,0.961847  ,1.822849  ,0.149982  ,0.000162  ,1.661847  ,2.522679  ,0.151361  ,-0.012170 ,2.361847  ,3.216719  ,0.199779  ,-0.001973 ,3.061847  ,3.916683  ,0.200031  ,0.000285  ,3.761847  ,4.617069  ,0.199579  ,-0.004022 ,4.461847  
1.483544  ,0.001703  ,1.425125  ,1.483544  ,2.279237  ,3.071762  ,3.871451  ,4.668130  ,5.315020  ,0.001703  ,0.084606  ,0.193710  ,0.216030  ,0.143211  ,0.002776  ,0.103815  ,0.136807  ,0.027904  ,-0.091150 ,-0.213775 ,-0.065579 ,1.377456  ,2.118439  ,2.917282  ,3.716616  ,4.623407  ,5.623407  ,1.483544  ,0.001703  ,0.103815  ,1.377456  ,2.238468  ,0.149904  ,0.000857  ,2.077456  ,2.934522  ,0.181954  ,0.148942  ,2.777456  ,3.632307  ,0.199948  ,-0.000463 ,3.477456  ,4.332231  ,0.200080  ,0.000762  ,4.177456  ,5.033248  ,0.198880  ,-0.151611 ,4.877456  
1.904976  ,0.077056  ,1.426511  ,1.904976  ,2.695578  ,3.495179  ,4.294707  ,4.870015  ,5.321548  ,0.077056  ,0.199316  ,0.224601  ,0.197122  ,0.106061  ,-0.046283 ,0.153426  ,0.031611  ,-0.034355 ,-0.156980 ,-0.325400 ,-0.119542 ,1.956024  ,2.531798  ,3.340362  ,4.139889  ,4.749017  ,5.749017  ,1.904976  ,0.077056  ,0.153426  ,1.956024  ,2.816906  ,0.150963  ,0.127310  ,2.656024  ,3.510826  ,0.200347  ,0.003102  ,3.356024  ,4.210895  ,0.199967  ,-0.000311 ,4.056024  ,4.909174  ,0.201892  ,-0.005786 ,4.756024  ,5.312482  ,-0.220390 ,-1.553596 ,5.456024  
2.945572  ,0.360600  ,1.423184  ,2.945572  ,3.211975  ,4.006320  ,4.295934  ,4.969248  ,5.584661  ,0.360600  ,0.425461  ,0.330513  ,0.259151  ,-0.172877 ,-0.684020 ,0.238823  ,-0.118965 ,-0.241590 ,-0.570480 ,-0.693105 ,-0.570480 ,2.921583  ,3.046743  ,3.851420  ,4.314084  ,5.314084  ,6.314084  ,2.945572  ,0.360600  ,0.238823  ,2.921583  ,3.776433  ,0.199965  ,-0.000310 ,3.621583  ,4.476351  ,0.200086  ,0.000823  ,4.321583  ,5.177095  ,0.169869  ,-0.560393 ,5.021583  ,5.310820  ,-0.485631 ,-1.572785 ,5.721583  ,5.311003  ,-1.185666 ,-1.570759 ,6.421583  
3.449025  ,0.536353  ,1.422074  ,3.449025  ,3.715070  ,4.509921  ,4.944242  ,5.233794  ,5.518248  ,0.536353  ,0.602666  ,0.512052  ,0.421349  ,0.362210  ,0.293218  ,0.244277  ,-0.113511 ,-0.205880 ,-0.201470 ,-0.237946 ,-0.243049 ,3.294180  ,3.870454  ,4.504102  ,4.947677  ,5.470289  ,6.046086  ,3.449025  ,0.536353  ,0.244277  ,3.294180  ,4.149057  ,0.199957  ,-0.000408 ,3.994180  ,4.847828  ,0.201337  ,0.007928  ,4.694180  ,5.315468  ,-0.159117 ,-1.497758 ,5.394180  ,5.310874  ,-0.858239 ,-1.572192 ,6.094180  ,5.311002  ,-1.558264 ,-1.570769 ,6.794180  
4.022415  ,0.689917  ,1.421797  ,4.022415  ,4.288075  ,5.083434  ,5.281261  ,5.460719  ,5.609941  ,0.689917  ,0.757755  ,0.671700  ,0.625982  ,0.531551  ,0.396848  ,0.250012  ,-0.107776 ,-0.227117 ,-0.484387 ,-0.734302 ,-0.734872 ,3.867571  ,4.316369  ,4.891359  ,5.110250  ,5.331390  ,5.790132  ,4.022415  ,0.689917  ,0.250012  ,3.867571  ,4.722725  ,0.199654  ,-0.003301 ,4.567571  ,5.307911  ,-0.031087 ,-1.286368 ,5.267571  ,5.311062  ,-0.731665 ,-1.570104 ,5.967571  ,5.310999  ,-1.431653 ,-1.570810 ,6.667571  ,5.311000  ,-2.131653 ,-1.570796 ,7.367571  
4.822826  ,0.502948  ,0.469773  ,4.822826  ,5.062006  ,5.239095  ,5.432622  ,5.570524  ,5.611000  ,0.502948  ,0.368896  ,0.159571  ,-0.379996 ,-1.168021 ,-1.966997 ,-0.510841 ,-0.868629 ,-1.226417 ,-1.397555 ,-1.520180 ,-1.397555 ,4.667981  ,4.892503  ,5.077571  ,5.617361  ,6.553431  ,7.553431  ,4.822826  ,0.502948  ,-0.510841 ,4.667981  ,5.316004  ,-0.133020 ,-1.465245 ,5.367981  ,5.310873  ,-0.832040 ,-1.572198 ,6.067981  ,5.311002  ,-1.532064 ,-1.570769 ,6.767981  ,5.311000  ,-2.232064 ,-1.570796 ,7.467981  ,5.311002  ,-2.932064 ,-1.570809 ,8.167981  
4.908961  ,0.315201  ,0.456184  ,4.908961  ,5.104817  ,5.261673  ,5.399136  ,5.439168  ,5.381167  ,0.315201  ,0.123322  ,-0.211711 ,-0.999812 ,-1.798810 ,-2.596705 ,-0.775139 ,-1.132928 ,-1.398111 ,-1.520736 ,-1.643361 ,-1.520736 ,4.983088  ,5.083088  ,5.450096  ,6.235795  ,7.183680  ,8.183680  ,4.908961  ,0.315201  ,-0.775139 ,4.983088  ,5.310244  ,-0.447026 ,-1.579158 ,5.683088  ,5.311014  ,-1.147174 ,-1.570643 ,6.383088  ,5.310999  ,-1.847171 ,-1.570802 ,7.083088  ,5.311001  ,-2.547171 ,-1.570800 ,7.783088  ,5.310971  ,-3.247174 ,-1.570642 ,8.483088  
4.909315  ,0.154085  ,0.485302  ,4.909315  ,5.271636  ,5.394039  ,5.477867  ,5.463750  ,5.360691  ,0.154085  ,-0.353318 ,-0.598664 ,-1.394260 ,-2.194135 ,-2.987469 ,-0.950689 ,-1.108030 ,-1.465818 ,-1.588443 ,-1.699980 ,-1.577355 ,4.943669  ,5.589488  ,5.834464  ,6.630191  ,7.576730  ,8.576730  ,4.909315  ,0.154085  ,-0.950689 ,4.943669  ,5.309655  ,-0.407495 ,-1.585670 ,5.643669  ,5.311023  ,-1.107756 ,-1.570544 ,6.343669  ,5.310999  ,-1.807751 ,-1.570803 ,7.043669  ,5.311000  ,-2.507751 ,-1.570799 ,7.743669  ,5.310983  ,-3.207754 ,-1.570705 ,8.443669  
4.940607  ,-0.034133 ,0.471436  ,4.940607  ,5.197762  ,5.395402  ,5.496737  ,5.500244  ,5.405872  ,-0.034133 ,-0.647124 ,-1.422326 ,-2.215882 ,-3.015874 ,-3.810288 ,-1.173586 ,-1.321162 ,-1.443787 ,-1.566412 ,-1.689037 ,-1.566412 ,4.867661  ,5.867661  ,6.658250  ,7.451799  ,8.395438  ,9.395438  ,4.940607  ,-0.034133 ,-1.173586 ,4.867661  ,5.309202  ,-0.331401 ,-1.590671 ,5.567661  ,5.311017  ,-1.031747 ,-1.570602 ,6.267661  ,5.310999  ,-1.731744 ,-1.570801 ,6.967661  ,5.311000  ,-2.431744 ,-1.570797 ,7.667661  ,5.311004  ,-3.131744 ,-1.570817 ,8.367661  
4.954200  ,-0.168797 ,0.477260  ,4.954200  ,5.121028  ,5.252367  ,5.293615  ,5.307697  ,5.328888  ,-0.168797 ,-0.951209 ,-1.740354 ,-2.539290 ,-3.339166 ,-4.138885 ,-1.360720 ,-1.405875 ,-1.519215 ,-1.553193 ,-1.544304 ,-1.421679 ,5.567120  ,6.186928  ,6.976272  ,7.775207  ,8.731809  ,9.731809  ,4.954200  ,-0.168797 ,-1.360720 ,5.567120  ,5.311017  ,-1.031206 ,-1.570604 ,6.267120  ,5.310999  ,-1.731203 ,-1.570801 ,6.967120  ,5.311000  ,-2.431203 ,-1.570797 ,7.667120  ,5.311004  ,-3.131203 ,-1.570817 ,8.367120  ,5.310517  ,-3.831262 ,-1.568183 ,9.067120  
4.923498  ,-0.266929 ,0.458403  ,4.923498  ,4.991919  ,5.157323  ,5.265445  ,5.302367  ,5.344328  ,-0.266929 ,-1.063998 ,-1.846712 ,-2.639372 ,-3.438519 ,-4.237418 ,-1.485165 ,-1.362540 ,-1.435228 ,-1.524628 ,-1.518321 ,-1.395696 ,5.502846  ,6.299880  ,7.082629  ,7.875290  ,8.829389  ,9.829389  ,4.923498  ,-0.266929 ,-1.485165 ,5.502846  ,5.310970  ,-0.966923 ,-1.571129 ,6.202846  ,5.311000  ,-1.666929 ,-1.570790 ,6.902846  ,5.311000  ,-2.366929 ,-1.570796 ,7.602846  ,5.311010  ,-3.066928 ,-1.570849 ,8.302846  ,5.310539  ,-3.766985 ,-1.568303 ,9.002846  
4.862777  ,-0.421006 ,0.969218  ,4.862777  ,4.835190  ,5.010949  ,5.196184  ,5.284834  ,5.302076  ,-0.421006 ,-0.737983 ,-1.518437 ,-2.296697 ,-3.091770 ,-3.891584 ,-1.657611 ,-1.349290 ,-1.337132 ,-1.459757 ,-1.549242 ,-1.426617 ,5.814911  ,5.975544  ,6.754350  ,7.532614  ,8.476225  ,9.476225  ,4.862777  ,-0.421006 ,-1.657611 ,5.814911  ,5.310991  ,-1.278992 ,-1.570897 ,6.514911  ,5.311000  ,-1.978994 ,-1.570795 ,7.214911  ,5.310999  ,-2.678994 ,-1.570793 ,7.914911  ,5.310984  ,-3.378995 ,-1.570711 ,8.614911  ,5.312822  ,-4.078769 ,-1.580659 ,9.314911  
4.769974  ,-0.940189 ,1.365225  ,4.769974  ,4.707952  ,4.811347  ,5.010999  ,5.164550  ,5.304723  ,-0.940189 ,-1.207267 ,-2.000557 ,-2.775243 ,-3.344555 ,-3.874318 ,-1.798978 ,-1.441190 ,-1.318565 ,-1.307351 ,-1.312130 ,-1.313560 ,6.295728  ,6.639120  ,7.264274  ,7.905071  ,8.536419  ,9.176424  ,4.769974  ,-0.940189 ,-1.875651 ,6.295728  ,5.310999  ,-1.759811 ,-1.570803 ,6.995728  ,5.311000  ,-2.459811 ,-1.570798 ,7.695728  ,5.310997  ,-3.159811 ,-1.570783 ,8.395728  ,5.310639  ,-3.859855 ,-1.568843 ,9.095728  ,5.351778  ,-4.554791 ,-1.433232 ,9.795728  
4.707644  ,-1.152149 ,1.431226  ,4.707644  ,4.654750  ,4.785091  ,5.011000  ,5.180800  ,5.328969  ,-1.152149 ,-1.421183 ,-2.210494 ,-2.977934 ,-3.525328 ,-4.019835 ,-1.764929 ,-1.407140 ,-1.284515 ,-1.270010 ,-1.279679 ,-1.279035 ,6.483768  ,6.896659  ,7.509796  ,8.104521  ,8.695122  ,9.308495  ,4.707644  ,-1.152149 ,-1.930800 ,6.483768  ,5.311000  ,-1.947851 ,-1.570796 ,7.183768  ,5.311000  ,-2.647851 ,-1.570797 ,7.883768  ,5.310969  ,-3.347855 ,-1.570632 ,8.583768  ,5.312916  ,-4.047615 ,-1.581167 ,9.283768  ,5.364076  ,-4.741317 ,-1.537770 ,9.983768  
4.645578  ,-1.390946 ,1.405990  ,4.645578  ,4.601886  ,4.759059  ,5.010998  ,5.152973  ,5.272448  ,-1.390946 ,-1.661627 ,-2.446036 ,-3.205329 ,-3.694382 ,-4.121909 ,-1.730832 ,-1.373044 ,-1.250419 ,-1.288258 ,-1.298291 ,-1.299417 ,6.744971  ,7.159963  ,7.685241  ,8.283888  ,8.754097  ,9.221554  ,4.645578  ,-1.390946 ,-1.952116 ,6.744971  ,5.311000  ,-2.209054 ,-1.570796 ,7.444971  ,5.311000  ,-2.909054 ,-1.570800 ,8.144971  ,5.311098  ,-3.609042 ,-1.571326 ,8.844971  ,5.303831  ,-4.309936 ,-1.503494 ,9.544971  ,5.360319  ,-5.002982 ,-1.577430 ,10.244971 
4.561089  ,-1.574998 ,1.439268  ,4.561089  ,4.530107  ,4.723801  ,5.010983  ,5.197973  ,5.363938  ,-1.574998 ,-1.847426 ,-2.623624 ,-3.370300 ,-3.873355 ,-4.340505 ,-1.684037 ,-1.326249 ,-1.203624 ,-1.214914 ,-1.229433 ,-1.229536 ,6.810915  ,7.406164  ,8.007601  ,8.593584  ,9.176645  ,9.755125  ,4.561089  ,-1.574998 ,-1.911434 ,6.810915  ,5.311000  ,-2.274998 ,-1.570796 ,7.510915  ,5.311006  ,-2.974997 ,-1.570829 ,8.210915  ,5.310907  ,-3.675009 ,-1.570293 ,8.910915  ,5.307478  ,-4.375431 ,-1.471067 ,9.610915  ,5.361194  ,-5.068818 ,-1.568910 ,10.310915 
4.475186  ,-2.165004 ,1.079867  ,4.475186  ,4.470394  ,4.737418  ,5.018075  ,5.222193  ,5.412934  ,-2.165004 ,-2.439147 ,-3.193268 ,-3.843899 ,-4.326675 ,-4.792313 ,-1.588274 ,-1.230486 ,-1.163550 ,-1.170791 ,-1.182013 ,-1.182490 ,7.400922  ,7.985383  ,8.580002  ,9.171426  ,9.756519  ,10.341458 ,4.475186  ,-2.165004 ,-1.588274 ,7.400922  ,5.310998  ,-2.865004 ,-1.570787 ,8.100922  ,5.311137  ,-3.564987 ,-1.571537 ,8.800922  ,5.304659  ,-4.265785 ,-1.525698 ,9.500922  ,5.359639  ,-4.959016 ,-1.584042 ,10.200922 ,5.361035  ,-5.658845 ,-1.570452 ,10.900922 
4.646735  ,-2.566078 ,0.517748  ,4.646735  ,4.997393  ,5.257464  ,5.423044  ,5.491644  ,5.462236  ,-2.566078 ,-3.285132 ,-4.041679 ,-4.824356 ,-5.621410 ,-6.420869 ,-1.117065 ,-1.239690 ,-1.362315 ,-1.484940 ,-1.607565 ,-1.484940 ,7.969840  ,8.521080  ,9.277608  ,10.064377 ,11.013190 ,12.013190 ,4.646735  ,-2.566078 ,-1.117065 ,7.969840  ,5.311035  ,-3.433918 ,-1.570986 ,8.669840  ,5.311648  ,-4.133842 ,-1.574308 ,9.369840  ,5.360004  ,-4.827890 ,-1.580492 ,10.069840 ,5.360979  ,-5.527770 ,-1.571003 ,10.769840 ,5.361002  ,-6.227767 ,-1.570782 ,11.469840 
4.690092  ,-2.608706 ,0.483084  ,4.690092  ,5.105840  ,5.286664  ,5.446173  ,5.508594  ,5.472991  ,-2.608706 ,-3.292192 ,-3.692947 ,-4.476883 ,-5.274444 ,-6.073652 ,-1.024313 ,-1.146938 ,-1.370065 ,-1.492690 ,-1.615315 ,-1.492690 ,7.927212  ,8.528120  ,8.928949  ,9.747641  ,10.666160 ,11.666160 ,4.690092  ,-2.608706 ,-1.024313 ,7.927212  ,5.310993  ,-3.391295 ,-1.570758 ,8.627212  ,5.312683  ,-4.091087 ,-1.579907 ,9.327212  ,5.361711  ,-4.785051 ,-1.563820 ,10.027212 ,5.360931  ,-5.485147 ,-1.571472 ,10.727212 ,5.361002  ,-6.185139 ,-1.570774 ,11.427212 
4.848929  ,-2.724847 ,0.466445  ,4.848929  ,5.126492  ,5.267303  ,5.411738  ,5.458843  ,5.407910  ,-2.724847 ,-2.999582 ,-3.234847 ,-4.021701 ,-4.820313 ,-5.618690 ,-0.780277 ,-1.031468 ,-1.389256 ,-1.511881 ,-1.634506 ,-1.511881 ,7.960765  ,8.235488  ,8.470774  ,9.258706  ,10.212383 ,11.212383 ,4.848929  ,-2.724847 ,-0.780277 ,7.960765  ,5.311025  ,-3.424844 ,-1.570930 ,8.660765  ,5.311948  ,-4.124731 ,-1.575929 ,9.360765  ,5.360282  ,-4.818780 ,-1.577786 ,10.060765 ,5.360969  ,-5.518696 ,-1.571099 ,10.760765 ,5.361002  ,-6.218692 ,-1.570780 ,11.460765 
4.957843  ,-2.755699 ,0.497781  ,4.957843  ,5.182043  ,5.336771  ,5.528351  ,5.623485  ,5.620745  ,-2.755699 ,-2.913532 ,-3.139887 ,-3.916609 ,-4.710932 ,-5.510927 ,-0.613395 ,-0.971184 ,-1.328972 ,-1.451597 ,-1.574222 ,-1.451597 ,7.991616  ,8.149440  ,8.375799  ,9.155785  ,10.100996 ,11.100996 ,4.957843  ,-2.755699 ,-0.613395 ,7.991616  ,5.311060  ,-3.455691 ,-1.571124 ,8.691616  ,5.310732  ,-4.155732 ,-1.569346 ,9.391616  ,5.359508  ,-4.849727 ,-1.585318 ,10.091616 ,5.361000  ,-5.549543 ,-1.570800 ,10.791616 ,5.361001  ,-6.249543 ,-1.570786 ,11.491616 
5.120067  ,-2.799755 ,0.716583  ,5.120067  ,5.304894  ,5.463747  ,5.585866  ,5.686143  ,5.725126  ,-2.799755 ,-2.876166 ,-2.997681 ,-3.156070 ,-3.388113 ,-3.762164 ,-0.392020 ,-0.653003 ,-0.913987 ,-1.162886 ,-1.466953 ,-1.465564 ,8.236163  ,8.439860  ,8.620801  ,8.799760  ,9.424688  ,10.044394 ,5.120067  ,-2.799755 ,-0.392020 ,8.236163  ,5.310798  ,-3.700270 ,-1.569703 ,8.936163  ,5.311041  ,-4.400240 ,-1.460037 ,9.636163  ,5.361372  ,-5.094044 ,-1.567173 ,10.336163 ,5.361001  ,-5.794090 ,-1.570783 ,11.036163 ,5.361000  ,-6.494090 ,-1.570799 ,11.736163 
5.342394  ,-2.779984 ,0.374931  ,5.301681  ,5.443214  ,5.560832  ,5.659430  ,5.735372  ,5.761001  ,-2.779984 ,-2.857566 ,-2.980086 ,-3.139246 ,-3.324267 ,-3.522618 ,-0.398363 ,-0.659347 ,-0.920330 ,-1.181314 ,-1.442297 ,-1.440857 ,8.255934  ,8.428114  ,8.601763  ,8.786645  ,9.377193  ,9.992769  ,5.342394  ,-2.779984 ,-0.398363 ,8.255934  ,5.310711  ,-3.720052 ,-1.569232 ,8.955934  ,5.314817  ,-4.419547 ,-1.452291 ,9.655934  ,5.361455  ,-5.113805 ,-1.566367 ,10.355934 ,5.360997  ,-5.813862 ,-1.570824 ,11.055934 ,5.361000  ,-6.513861 ,-1.570798 ,11.755934 
5.512074  ,-2.968267 ,0.502773  ,5.439168  ,5.563871  ,5.610723  ,5.673785  ,5.675808  ,5.650979  ,-2.968267 ,-3.160375 ,-3.408829 ,-4.206339 ,-4.875958 ,-5.514256 ,-0.776310 ,-1.134099 ,-1.491887 ,-1.567775 ,-1.609676 ,-1.607003 ,8.204185  ,8.424914  ,8.804321  ,9.440549  ,10.119600 ,10.814247 ,5.512074  ,-2.968267 ,-0.776310 ,8.204185  ,5.310934  ,-3.668276 ,-1.570439 ,8.904185  ,5.306756  ,-4.368790 ,-1.474182 ,9.604185  ,5.361131  ,-5.062096 ,-1.569523 ,10.304185 ,5.361010  ,-5.762111 ,-1.570696 ,11.004185 ,5.361000  ,-6.462112 ,-1.570801 ,11.704185 
5.560900  ,-3.218157 ,0.055463  ,5.560900  ,5.654527  ,5.699381  ,5.693100  ,5.638266  ,5.581721  ,-3.218157 ,-3.394889 ,-3.589794 ,-4.156061 ,-4.692037 ,-5.131801 ,-1.083620 ,-1.344603 ,-1.581888 ,-1.672748 ,-1.698675 ,-1.697857 ,8.454074  ,8.778177  ,9.183617  ,9.804976  ,10.430838 ,10.823526 ,5.560900  ,-3.218157 ,-1.083620 ,8.454074  ,5.311245  ,-3.918127 ,-1.572121 ,9.154074  ,5.362607  ,-4.611804 ,-1.451871 ,9.854074  ,5.360965  ,-5.312006 ,-1.571135 ,10.554074 ,5.360997  ,-6.012002 ,-1.570823 ,11.254074 ,5.361000  ,-6.712002 ,-1.570795 ,11.954074 
5.597703  ,-3.381053 ,0.054354  ,5.597703  ,5.679805  ,5.636880  ,5.590810  ,5.496878  ,5.401468  ,-3.381053 ,-3.642656 ,-4.441504 ,-4.859408 ,-5.471849 ,-6.078117 ,-1.266690 ,-1.624478 ,-1.680594 ,-1.722984 ,-1.726889 ,-1.726028 ,8.654865  ,8.866855  ,9.225730  ,9.614502  ,10.319769 ,11.071749 ,5.597703  ,-3.381053 ,-1.266690 ,8.654865  ,5.312118  ,-4.118810 ,-1.576852 ,9.354865  ,5.360487  ,-4.812855 ,-1.575792 ,10.054865 ,5.360962  ,-5.512797 ,-1.571163 ,10.754865 ,5.361002  ,-6.212792 ,-1.570779 ,11.454865 ,5.361000  ,-6.912792 ,-1.570797 ,12.154865 
5.598905  ,-3.427666 ,0.055186  ,5.598905  ,5.673747  ,5.612228  ,5.453607  ,5.389693  ,5.372376  ,-3.427666 ,-3.708982 ,-4.506613 ,-5.290730 ,-6.088173 ,-6.887985 ,-1.310775 ,-1.647771 ,-1.770396 ,-1.650774 ,-1.592444 ,-1.469819 ,8.663584  ,8.943264  ,9.807011  ,10.532479 ,11.480151 ,12.480151 ,5.598905  ,-3.427666 ,-1.310775 ,8.663584  ,5.311860  ,-4.127560 ,-1.575452 ,9.363584  ,5.360191  ,-4.821611 ,-1.578673 ,10.063584 ,5.360972  ,-5.521514 ,-1.571069 ,10.763584 ,5.361002  ,-6.221511 ,-1.570780 ,11.463584 ,5.361000  ,-6.921511 ,-1.570797 ,12.163584 
5.569369  ,-3.438226 ,0.079867  ,5.569369  ,5.650620  ,5.611617  ,5.475169  ,5.396736  ,5.374522  ,-3.438226 ,-3.755923 ,-4.554972 ,-5.343250 ,-6.139395 ,-6.939087 ,-1.320413 ,-1.619569 ,-1.742194 ,-1.668995 ,-1.598567 ,-1.475942 ,8.674143  ,8.990670  ,9.837801  ,10.585141 ,11.531313 ,12.531313 ,5.569369  ,-3.438226 ,-1.320413 ,8.674143  ,5.311490  ,-4.138166 ,-1.573450 ,9.374143  ,5.359887  ,-4.832208 ,-1.581627 ,10.074143 ,5.360983  ,-5.532073 ,-1.570960 ,10.774143 ,5.361001  ,-6.232070 ,-1.570783 ,11.474143 ,5.361000  ,-6.932071 ,-1.570797 ,12.174143 
5.561671  ,-3.430346 ,0.000000  ,5.561671  ,5.644502  ,5.611881  ,5.481731  ,5.398884  ,5.375177  ,-3.430346 ,-3.776045 ,-4.575379 ,-5.364721 ,-6.160420 ,-6.960069 ,-1.335623 ,-1.611585 ,-1.734210 ,-1.674542 ,-1.600434 ,-1.477809 ,8.666263  ,9.011167  ,9.850221  ,10.606683 ,11.552317 ,12.552317 ,5.561671  ,-3.430346 ,-1.335623 ,8.666263  ,5.311772  ,-4.130251 ,-1.574976 ,9.366263  ,5.360108  ,-4.824301 ,-1.579477 ,10.066263 ,5.360975  ,-5.524194 ,-1.571040 ,10.766263 ,5.361002  ,-6.224191 ,-1.570781 ,11.466263 ,5.361000  ,-6.924191 ,-1.570797 ,12.166263 
5.569571  ,-3.436604 ,0.000000  ,5.569571  ,5.649799  ,5.611614  ,5.475974  ,5.396999  ,5.374602  ,-3.436604 ,-3.787620 ,-4.586708 ,-5.375126 ,-6.171218 ,-6.970904 ,-1.346097 ,-1.618545 ,-1.741170 ,-1.669676 ,-1.598796 ,-1.476171 ,8.672521  ,9.022996  ,9.857266  ,10.617125 ,11.563133 ,12.563133 ,5.569571  ,-3.436604 ,-1.346097 ,8.672521  ,5.311551  ,-4.136536 ,-1.573780 ,9.372521  ,5.359930  ,-4.830580 ,-1.581210 ,10.072521 ,5.360982  ,-5.530450 ,-1.570976 ,10.772521 ,5.361001  ,-6.230448 ,-1.570782 ,11.472521 ,5.361000  ,-6.930448 ,-1.570797 ,12.172521 
5.573756  ,-3.432481 ,0.059346  ,5.573756  ,5.652180  ,5.611726  ,5.473847  ,5.396303  ,5.374390  ,-3.432481 ,-3.801808 ,-4.600784 ,-5.388813 ,-6.185046 ,-6.984746 ,-1.361560 ,-1.621386 ,-1.744011 ,-1.667878 ,-1.598191 ,-1.475566 ,8.668398  ,9.037567  ,9.866270  ,10.630853 ,11.576968 ,12.576968 ,5.573756  ,-3.432481 ,-1.361560 ,8.668398  ,5.311699  ,-4.132395 ,-1.574582 ,9.368398  ,5.360045  ,-4.826443 ,-1.580091 ,10.068398 ,5.360977  ,-5.526328 ,-1.571018 ,10.768398 ,5.361002  ,-6.226325 ,-1.570781 ,11.468398 ,5.361000  ,-6.926326 ,-1.570797 ,12.168398 
5.568662  ,-3.446595 ,0.000000  ,5.568662  ,5.646548  ,5.611108  ,5.478176  ,5.397720  ,5.374822  ,-3.446595 ,-3.886886 ,-4.686100 ,-5.474979 ,-6.270923 ,-7.070595 ,-1.395710 ,-1.615111 ,-1.737736 ,-1.671537 ,-1.599422 ,-1.476797 ,8.682513  ,9.126337  ,9.926520  ,10.717171 ,11.662832 ,12.662832 ,5.568662  ,-3.446595 ,-1.395710 ,8.682513  ,5.311150  ,-4.146577 ,-1.571611 ,9.382513  ,5.359687  ,-4.840602 ,-1.583574 ,10.082513 ,5.360991  ,-5.540441 ,-1.570880 ,10.782513 ,5.361001  ,-6.240440 ,-1.570784 ,11.482513 ,5.361000  ,-6.940440 ,-1.570797 ,12.182513 
5.560410  ,-3.474914 ,0.059346  ,5.560410  ,5.635820  ,5.611983  ,5.490513  ,5.401762  ,5.376055  ,-3.474914 ,-4.228317 ,-5.027962 ,-5.818686 ,-6.613748 ,-7.413335 ,-1.471036 ,-1.600597 ,-1.723222 ,-1.681964 ,-1.602937 ,-1.480312 ,8.710831  ,9.443753  ,10.273593 ,11.060736 ,12.005614 ,13.005614 ,5.560410  ,-3.474914 ,-1.471036 ,8.710831  ,5.309709  ,-4.175073 ,-1.563697 ,9.410831  ,5.359251  ,-4.868974 ,-1.587819 ,10.110831 ,5.361014  ,-5.568757 ,-1.570661 ,10.810831 ,5.361001  ,-6.268758 ,-1.570791 ,11.510831 ,5.361000  ,-6.968758 ,-1.570797 ,12.210831 
5.551725  ,-3.562413 ,0.364115  ,5.551725  ,5.527463  ,5.411999  ,5.376154  ,5.364540  ,5.364719  ,-3.562413 ,-4.362045 ,-5.153669 ,-5.952865 ,-6.752781 ,-7.552781 ,-1.601129 ,-1.715632 ,-1.615618 ,-1.585314 ,-1.570573 ,-1.447948 ,8.973504  ,9.634614  ,10.395768 ,11.194938 ,12.144854 ,13.144854 ,5.551725  ,-3.562413 ,-1.601129 ,8.973504  ,5.318790  ,-4.436628 ,-1.446199 ,9.673504  ,5.361492  ,-5.131371 ,-1.566006 ,10.373504 ,5.360994  ,-5.831433 ,-1.570851 ,11.073504 ,5.361000  ,-6.531432 ,-1.570797 ,11.773504 ,5.361000  ,-7.231432 ,-1.570796 ,12.473504 
5.495389  ,-3.682072 ,0.633389  ,5.495389  ,5.382433  ,5.367199  ,5.362475  ,5.360109  ,5.363370  ,-3.682072 ,-4.474057 ,-5.273912 ,-6.073898 ,-6.873895 ,-7.673888 ,-1.712465 ,-1.589840 ,-1.576701 ,-1.573754 ,-1.566720 ,-1.444095 ,8.917989  ,9.727198  ,10.515972 ,11.315971 ,12.265964 ,13.265964 ,5.495389  ,-3.682072 ,-1.712465 ,8.917989  ,5.308337  ,-4.382400 ,-1.467865 ,9.617989  ,5.361253  ,-5.075886 ,-1.568337 ,10.317989 ,5.361006  ,-5.775916 ,-1.570736 ,11.017989 ,5.361000  ,-6.475917 ,-1.570800 ,11.717989 ,5.361000  ,-7.175917 ,-1.570796 ,12.417989 
5.448898  ,-3.813413 ,0.772879  ,5.448898  ,5.244261  ,5.135760  ,5.125023  ,5.212213  ,5.317774  ,-3.813413 ,-4.586798 ,-5.379406 ,-6.179334 ,-6.974569 ,-7.767574 ,-1.829467 ,-1.706842 ,-1.584217 ,-1.461592 ,-1.438459 ,-1.315834 ,9.222504  ,9.801959  ,10.621548 ,11.421410 ,12.363144 ,13.363144 ,5.448898  ,-3.813413 ,-1.829467 ,9.222504  ,5.366125  ,-4.679801 ,-1.494340 ,9.922504  ,5.360869  ,-5.380448 ,-1.572077 ,10.622504 ,5.361002  ,-6.080431 ,-1.570782 ,11.322504 ,5.361000  ,-6.780431 ,-1.570796 ,12.022504 ,5.361000  ,-7.480431 ,-1.570796 ,12.722504 
5.419552  ,-3.879603 ,0.800610  ,5.419552  ,5.264683  ,5.168236  ,5.169653  ,5.268914  ,5.335473  ,-3.879603 ,-4.346491 ,-5.140656 ,-5.940655 ,-6.734473 ,-7.531699 ,-1.891079 ,-1.691650 ,-1.569025 ,-1.446400 ,-1.487502 ,-1.364877 ,9.156315  ,9.579403  ,10.382716 ,11.182715 ,12.125159 ,13.125159 ,5.419552  ,-3.879603 ,-1.891079 ,9.156315  ,5.362869  ,-4.614012 ,-1.452972 ,9.856315  ,5.360959  ,-5.314247 ,-1.571191 ,10.556315 ,5.360997  ,-6.014243 ,-1.570821 ,11.256315 ,5.361000  ,-6.714242 ,-1.570795 ,11.956315 ,5.361000  ,-7.414242 ,-1.570796 ,12.656315 
5.367486  ,-3.999242 ,0.870216  ,5.367486  ,5.260146  ,5.224931  ,5.287739  ,5.335873  ,5.355990  ,-3.999242 ,-4.253437 ,-5.052662 ,-5.850193 ,-6.648743 ,-7.448490 ,-1.970356 ,-1.614830 ,-1.492205 ,-1.510593 ,-1.545647 ,-1.423022 ,9.235160  ,9.490675  ,10.293156 ,11.092271 ,12.040689 ,13.040689 ,5.367486  ,-3.999242 ,-1.970356 ,9.235160  ,5.365973  ,-4.692475 ,-1.503389 ,9.935160  ,5.360866  ,-5.393104 ,-1.572101 ,10.635160 ,5.361002  ,-6.093087 ,-1.570778 ,11.335160 ,5.361000  ,-6.793087 ,-1.570796 ,12.035160 ,5.361000  ,-7.493087 ,-1.570796 ,12.735160 
5.221253  ,-4.177910 ,0.993344  ,5.221253  ,5.076528  ,5.002966  ,5.054454  ,5.203206  ,5.314921  ,-4.177910 ,-4.410787 ,-4.776947 ,-5.575288 ,-6.361337 ,-7.153499 ,-2.126848 ,-1.769060 ,-1.506392 ,-1.383767 ,-1.430694 ,-1.308069 ,9.413827  ,9.616693  ,10.035929 ,10.817189 ,11.749490 ,12.749490 ,5.221253  ,-4.177910 ,-2.126848 ,9.413827  ,5.359225  ,-4.871973 ,-1.588075 ,10.113827 ,5.361016  ,-5.571753 ,-1.570643 ,10.813827 ,5.361001  ,-6.271755 ,-1.570791 ,11.513827 ,5.361000  ,-6.971755 ,-1.570797 ,12.213827 ,5.361000  ,-7.671755 ,-1.570796 ,12.913827 
5.170173  ,-4.244627 ,1.129784  ,5.170173  ,5.034412  ,4.966930  ,4.960655  ,5.124232  ,5.289274  ,-4.244627 ,-4.437314 ,-4.650769 ,-5.096646 ,-5.879745 ,-6.662535 ,-2.184579 ,-1.876998 ,-1.584868 ,-1.364874 ,-1.363001 ,-1.240376 ,9.480544  ,9.629696  ,9.796806  ,10.336630 ,11.263204 ,12.263204 ,5.170173  ,-4.244627 ,-2.184579 ,9.480544  ,5.359387  ,-4.938670 ,-1.586500 ,10.180544 ,5.361036  ,-5.638467 ,-1.570448 ,10.880544 ,5.361000  ,-6.338472 ,-1.570801 ,11.580544 ,5.361000  ,-7.038472 ,-1.570796 ,12.280544 ,5.361000  ,-7.738472 ,-1.570796 ,12.980544 
5.053949  ,-4.376313 ,1.321131  ,5.091407  ,5.002508  ,4.958441  ,4.925919  ,4.997396  ,5.083918  ,-4.376313 ,-4.531159 ,-4.713423 ,-4.910761 ,-5.680341 ,-6.294927 ,-2.256097 ,-1.995114 ,-1.734130 ,-1.478185 ,-1.430935 ,-1.431522 ,9.721241  ,9.938237  ,10.258359 ,10.878111 ,11.510443 ,12.156116 ,5.053949  ,-4.376313 ,-2.256097 ,9.721241  ,5.361457  ,-5.179113 ,-1.566349 ,10.421241 ,5.360991  ,-5.879170 ,-1.570888 ,11.121241 ,5.361000  ,-6.579169 ,-1.570795 ,11.821241 ,5.361000  ,-7.279169 ,-1.570796 ,12.521241 ,5.361000  ,-7.979169 ,-1.570796 ,13.221241 
4.829868  ,-4.634066 ,1.432058  ,4.959613  ,4.928963  ,4.961360  ,4.921285  ,5.008612  ,5.088589  ,-4.634066 ,-4.805923 ,-5.001852 ,-5.220778 ,-6.015998 ,-6.613455 ,-2.355022 ,-2.038243 ,-1.751847 ,-1.461419 ,-1.437725 ,-1.438042 ,9.876138  ,10.126270 ,10.469953 ,11.045873 ,11.695450 ,12.340866 ,4.829868  ,-4.634066 ,-2.355022 ,9.876138  ,5.360917  ,-5.334076 ,-1.571609 ,10.576138 ,5.360999  ,-6.034066 ,-1.570807 ,11.276138 ,5.361000  ,-6.734066 ,-1.570795 ,11.976138 ,5.361000  ,-7.434066 ,-1.570796 ,12.676138 ,5.361000  ,-8.134066 ,-1.570796 ,13.376138 
4.559346  ,-5.502633 ,0.395452  ,4.559346  ,4.548936  ,4.800445  ,5.053828  ,5.248460  ,5.429227  ,-5.502633 ,-5.776620 ,-6.536057 ,-7.176063 ,-7.680617 ,-8.167573 ,-1.608775 ,-1.250987 ,-1.193823 ,-1.202634 ,-1.215345 ,-1.216975 ,10.839440 ,11.306318 ,11.893028 ,12.486984 ,13.077719 ,13.694069 ,4.559346  ,-5.502633 ,-1.608775 ,10.839440 ,5.361000  ,-6.297367 ,-1.570796 ,11.539440 ,5.361000  ,-6.997367 ,-1.570797 ,12.239440 ,5.361000  ,-7.697367 ,-1.570796 ,12.939440 ,5.361000  ,-8.397367 ,-1.570796 ,13.639440 ,5.361000  ,-9.097367 ,-1.570796 ,14.339440 
4.604346  ,-5.561000 ,0.000000  ,4.604346  ,4.740037  ,4.971145  ,5.196531  ,5.326335  ,5.358606  ,-5.561000 ,-6.349408 ,-7.115299 ,-7.882894 ,-8.672293 ,-9.471642 ,-1.400359 ,-1.277734 ,-1.285196 ,-1.407821 ,-1.530446 ,-1.407821 ,10.803072 ,11.591485 ,12.357372 ,13.124966 ,14.064041 ,15.064041 ,4.604346  ,-5.561000 ,-1.400359 ,10.803072 ,5.361001  ,-6.261000 ,-1.570789 ,11.503072 ,5.361000  ,-6.961000 ,-1.570797 ,12.203072 ,5.361000  ,-7.661000 ,-1.570796 ,12.903072 ,5.361000  ,-8.361000 ,-1.570796 ,13.603072 ,5.361000  ,-9.061000 ,-1.570796 ,14.303072 
4.625270  ,-5.557093 ,0.000000  ,4.625270  ,4.756610  ,4.983491  ,5.204289  ,5.329377  ,5.356874  ,-5.557093 ,-6.346238 ,-7.113392 ,-7.882318 ,-8.672478 ,-9.472006 ,-1.405874 ,-1.283249 ,-1.291168 ,-1.413793 ,-1.536418 ,-1.413793 ,10.799165 ,11.588315 ,12.355464 ,13.124391 ,14.064316 ,15.064316 ,4.625270  ,-5.557093 ,-1.405874 ,10.799165 ,5.361001  ,-6.257093 ,-1.570788 ,11.499165 ,5.361000  ,-6.957093 ,-1.570797 ,12.199165 ,5.361000  ,-7.657093 ,-1.570796 ,12.899165 ,5.361000  ,-8.357093 ,-1.570796 ,13.599165 ,5.361000  ,-9.057093 ,-1.570796 ,14.299165 
4.616057  ,-5.578629 ,0.054631  ,4.616057  ,4.746321  ,4.972155  ,5.197166  ,5.326584  ,5.358465  ,-5.578629 ,-6.367953 ,-7.135416 ,-7.903120 ,-8.692582 ,-9.491947 ,-1.407239 ,-1.284614 ,-1.285685 ,-1.408310 ,-1.530935 ,-1.408310 ,10.820702 ,11.610028 ,12.377488 ,13.145193 ,14.084338 ,15.084338 ,4.616057  ,-5.578629 ,-1.407239 ,10.820702 ,5.361000  ,-6.278629 ,-1.570793 ,11.520702 ,5.361000  ,-6.978629 ,-1.570797 ,12.220702 ,5.361000  ,-7.678629 ,-1.570796 ,12.920702 ,5.361000  ,-8.378629 ,-1.570796 ,13.620702 ,5.361000  ,-9.078629 ,-1.570796 ,14.320702 
4.585580  ,-5.590361 ,0.070161  ,4.585580  ,4.729201  ,4.968007  ,5.194559  ,5.325561  ,5.359046  ,-5.590361 ,-6.377364 ,-7.140890 ,-7.908141 ,-8.697342 ,-9.496641 ,-1.390292 ,-1.267667 ,-1.283678 ,-1.406303 ,-1.528928 ,-1.406303 ,10.832434 ,11.619438 ,12.382962 ,13.150213 ,14.089065 ,15.089065 ,4.585580  ,-5.590361 ,-1.390292 ,10.832434 ,5.361000  ,-6.290361 ,-1.570795 ,11.532434 ,5.361000  ,-6.990361 ,-1.570797 ,12.232434 ,5.361000  ,-7.690361 ,-1.570796 ,12.932434 ,5.361000  ,-8.390361 ,-1.570796 ,13.632434 ,5.361000  ,-9.090361 ,-1.570796 ,14.332434 
4.582221  ,-5.587485 ,0.092623  ,4.582221  ,4.758281  ,5.028474  ,5.229394  ,5.334088  ,5.355444  ,-5.587485 ,-6.367871 ,-7.120863 ,-7.895221 ,-8.688341 ,-9.488056 ,-1.348905 ,-1.226280 ,-1.316927 ,-1.439552 ,-1.544099 ,-1.421474 ,10.829558 ,11.609946 ,12.362935 ,13.137294 ,14.080272 ,15.080272 ,4.582221  ,-5.587485 ,-1.348905 ,10.829558 ,5.361000  ,-6.287485 ,-1.570794 ,11.529558 ,5.361000  ,-6.987485 ,-1.570797 ,12.229558 ,5.361000  ,-7.687485 ,-1.570796 ,12.929558 ,5.361000  ,-8.387485 ,-1.570796 ,13.629558 ,5.361000  ,-9.087485 ,-1.570796 ,14.329558 
4.609070  ,-5.568854 ,0.000000  ,4.609070  ,4.787864  ,5.060693  ,5.246379  ,5.335487  ,5.355871  ,-5.568854 ,-6.348619 ,-7.100658 ,-7.878811 ,-8.673832 ,-9.473573 ,-1.345401 ,-1.222776 ,-1.336554 ,-1.459179 ,-1.545314 ,-1.422689 ,10.810927 ,11.590695 ,12.342731 ,13.120883 ,14.065776 ,15.065776 ,4.609070  ,-5.568854 ,-1.345401 ,10.810927 ,5.361001  ,-6.268854 ,-1.570791 ,11.510927 ,5.361000  ,-6.968854 ,-1.570797 ,12.210927 ,5.361000  ,-7.668854 ,-1.570796 ,12.910927 ,5.361000  ,-8.368854 ,-1.570796 ,13.610927 ,5.361000  ,-9.068854 ,-1.570796 ,14.310927 
4.651114  ,-5.586167 ,0.245702  ,4.651114  ,4.861242  ,5.125251  ,5.294905  ,5.367656  ,5.365665  ,-5.586167 ,-6.358078 ,-7.113260 ,-7.895064 ,-8.691749 ,-9.491746 ,-1.305019 ,-1.234481 ,-1.357106 ,-1.479731 ,-1.573285 ,-1.450660 ,10.828240 ,11.600153 ,12.355332 ,13.137136 ,14.083821 ,15.083821 ,4.651114  ,-5.586167 ,-1.305019 ,10.828240 ,5.361000  ,-6.286167 ,-1.570794 ,11.528240 ,5.361000  ,-6.986167 ,-1.570797 ,12.228240 ,5.361000  ,-7.686167 ,-1.570796 ,12.928240 ,5.361000  ,-8.386167 ,-1.570796 ,13.628240 ,5.361000  ,-9.086167 ,-1.570796 ,14.328240 
4.687698  ,-5.716189 ,0.915973  ,4.687698  ,4.921891  ,5.164182  ,5.311396  ,5.361320  ,5.363742  ,-5.716189 ,-6.481142 ,-7.243569 ,-8.029908 ,-8.828348 ,-9.628345 ,-1.273703 ,-1.263100 ,-1.385725 ,-1.508350 ,-1.567769 ,-1.445144 ,11.125884 ,11.723212 ,12.485642 ,13.271980 ,14.220419 ,15.220419 ,4.687698  ,-5.716189 ,-1.273703 ,11.125884 ,5.361000  ,-6.583811 ,-1.570795 ,11.825884 ,5.361000  ,-7.283811 ,-1.570796 ,12.525884 ,5.361000  ,-7.983811 ,-1.570796 ,13.225884 ,5.361000  ,-8.683811 ,-1.570796 ,13.925884 ,5.361000  ,-9.383811 ,-1.570799 ,14.625884 
4.767761  ,-5.869993 ,1.286744  ,4.767761  ,5.010079  ,5.220564  ,5.335062  ,5.351853  ,5.360843  ,-5.869993 ,-6.632412 ,-7.404225 ,-8.195989 ,-8.995813 ,-9.795762 ,-1.263065 ,-1.304556 ,-1.427181 ,-1.549806 ,-1.559559 ,-1.436934 ,11.112066 ,11.874484 ,12.646298 ,13.438062 ,14.387856 ,15.387856 ,4.767761  ,-5.869993 ,-1.263065 ,11.112066 ,5.361000  ,-6.569993 ,-1.570796 ,11.812066 ,5.361000  ,-7.269993 ,-1.570796 ,12.512066 ,5.361000  ,-7.969993 ,-1.570796 ,13.212066 ,5.361000  ,-8.669993 ,-1.570796 ,13.912066 ,5.361000  ,-9.369993 ,-1.570798 ,14.612066 
4.874489  ,-6.211751 ,1.427898  ,4.874489  ,5.158231  ,5.348349  ,5.441989  ,5.437743  ,5.387133  ,-6.211751 ,-6.959742 ,-7.736824 ,-8.531324 ,-9.331313 ,-10.129711,-1.208228 ,-1.330853 ,-1.453478 ,-1.576103 ,-1.634101 ,-1.511476 ,11.630322 ,12.201815 ,12.978896 ,13.773397 ,14.722574 ,15.722574 ,4.874489  ,-6.211751 ,-1.208228 ,11.630322 ,5.361000  ,-7.088249 ,-1.570796 ,12.330322 ,5.361000  ,-7.788249 ,-1.570796 ,13.030322 ,5.361000  ,-8.488249 ,-1.570796 ,13.730322 ,5.361000  ,-9.188249 ,-1.570795 ,14.430322 ,5.361005  ,-9.888249 ,-1.570833 ,15.130322 
5.067912  ,-6.763664 ,1.437881  ,5.067912  ,5.272563  ,5.445893  ,5.522392  ,5.500910  ,5.406505  ,-6.763664 ,-7.235750 ,-8.016747 ,-8.813081 ,-9.612793 ,-10.407203,-1.161745 ,-1.352402 ,-1.475027 ,-1.597652 ,-1.689079 ,-1.566454 ,12.078409 ,12.477823 ,13.258820 ,14.055154 ,15.002240 ,16.002240 ,5.067912  ,-6.763664 ,-1.161745 ,12.078409 ,5.361000  ,-7.536337 ,-1.570796 ,12.778409 ,5.361000  ,-8.236337 ,-1.570796 ,13.478409 ,5.361000  ,-8.936337 ,-1.570797 ,14.178409 ,5.360999  ,-9.636337 ,-1.570787 ,14.878409 ,5.361028  ,-10.336334,-1.570992 ,15.578409 
5.123149  ,-6.909551 ,1.435108  ,5.123149  ,5.297497  ,5.447195  ,5.499643  ,5.454054  ,5.392384  ,-6.909551 ,-7.305059 ,-8.090928 ,-8.889207 ,-9.687907 ,-10.485526,-1.155602 ,-1.382564 ,-1.505189 ,-1.627814 ,-1.647960 ,-1.525335 ,12.151624 ,12.547131 ,13.333001 ,14.131280 ,15.079201 ,16.079201 ,5.123149  ,-6.909551 ,-1.155602 ,12.151624 ,5.361000  ,-7.609551 ,-1.570796 ,12.851624 ,5.361000  ,-8.309551 ,-1.570796 ,13.551624 ,5.361000  ,-9.009551 ,-1.570797 ,14.251624 ,5.360998  ,-9.709551 ,-1.570783 ,14.951624 ,5.361086  ,-10.409543,-1.571405 ,15.651624 
5.191767  ,-7.133501 ,1.426234  ,5.191767  ,5.341287  ,5.462695  ,5.486470  ,5.412255  ,5.379985  ,-7.133501 ,-7.468586 ,-8.259320 ,-9.058966 ,-9.855517 ,-10.654866,-1.151095 ,-1.418448 ,-1.541073 ,-1.663698 ,-1.611145 ,-1.488520 ,12.375574 ,12.710658 ,13.501392 ,14.301039 ,15.246926 ,16.246926 ,5.191767  ,-7.133501 ,-1.151095 ,12.375574 ,5.361000  ,-7.833501 ,-1.570796 ,13.075574 ,5.361000  ,-8.533501 ,-1.570796 ,13.775574 ,5.361000  ,-9.233501 ,-1.570795 ,14.475574 ,5.361007  ,-9.933501 ,-1.570846 ,15.175574 ,5.360747  ,-10.633526,-1.569010 ,15.875574 
5.268479  ,-7.298083 ,1.434276  ,5.268479  ,5.397829  ,5.482439  ,5.469109  ,5.394060  ,5.371038  ,-7.298083 ,-7.600394 ,-8.395907 ,-9.195796 ,-9.992268 ,-10.791937,-1.166497 ,-1.464835 ,-1.587460 ,-1.664746 ,-1.599577 ,-1.476952 ,12.543990 ,12.842466 ,13.637980 ,14.437869 ,15.383038 ,16.383038 ,5.268479  ,-7.298083 ,-1.166497 ,12.543990 ,5.361000  ,-8.001917 ,-1.570796 ,13.243990 ,5.361000  ,-8.701917 ,-1.570796 ,13.943990 ,5.361000  ,-9.401917 ,-1.570799 ,14.643990 ,5.360989  ,-10.101918,-1.570719 ,15.343990 ,5.361017  ,-10.801916,-1.570918 ,16.043990 
5.371983  ,-7.529525 ,1.429839  ,5.371983  ,5.478450  ,5.509275  ,5.442086  ,5.387302  ,5.376413  ,-7.529525 ,-7.794429 ,-8.593835 ,-9.391009 ,-10.189131,-10.989057,-1.188647 ,-1.532256 ,-1.654881 ,-1.639330 ,-1.584408 ,-1.461783 ,12.812548 ,13.036502 ,13.835908 ,14.633082 ,15.585562 ,16.585562 ,5.371983  ,-7.529525 ,-1.188647 ,12.812548 ,5.361000  ,-8.270476 ,-1.570796 ,13.512548 ,5.361000  ,-8.970476 ,-1.570797 ,14.212548 ,5.360998  ,-9.670476 ,-1.570784 ,14.912548 ,5.361057  ,-10.370470,-1.571200 ,15.612548 ,5.360239  ,-11.070551,-1.565359 ,16.312548 
5.412653  ,-7.647425 ,1.418747  ,5.412653  ,5.512542  ,5.524625  ,5.438774  ,5.390030  ,5.393851  ,-7.647425 ,-7.902767 ,-8.702676 ,-9.498056 ,-10.296570,-11.096561,-1.197904 ,-1.555692 ,-1.678317 ,-1.631764 ,-1.566021 ,-1.443396 ,12.889498 ,13.144840 ,13.944749 ,14.740129 ,15.694394 ,16.694394 ,5.412653  ,-7.647425 ,-1.197904 ,12.889498 ,5.361000  ,-8.347425 ,-1.570796 ,13.589498 ,5.361000  ,-9.047425 ,-1.570796 ,14.289498 ,5.360998  ,-9.747426 ,-1.570785 ,14.989498 ,5.361101  ,-10.447415,-1.571507 ,15.689498 ,5.356940  ,-11.147827,-1.536173 ,16.389498 
5.503352  ,-7.952131 ,1.415141  ,5.503352  ,5.595974  ,5.585416  ,5.477091  ,5.405343  ,5.413473  ,-7.952131 ,-8.210198 ,-9.010128 ,-9.802760 ,-10.599536,-11.399495,-1.226207 ,-1.583995 ,-1.706620 ,-1.660602 ,-1.560634 ,-1.438009 ,13.389942 ,13.489942 ,14.252201 ,15.044838 ,15.993485 ,16.993485 ,5.503352  ,-7.952131 ,-1.226207 ,13.389942 ,5.361000  ,-8.847869 ,-1.570796 ,14.089942 ,5.361000  ,-9.547869 ,-1.570797 ,14.789942 ,5.360978  ,-10.247871,-1.570639 ,15.489942 ,5.362401  ,-10.947730,-1.580704 ,16.189942 ,5.416246  ,-11.642399,-1.508961 ,16.889942 
5.589658  ,-8.937256 ,0.835275  ,5.589658  ,5.483136  ,5.402022  ,5.385601  ,5.401436  ,5.410730  ,-8.937256 ,-9.730132 ,-10.526009,-11.325841,-12.125684,-12.925630,-1.704346 ,-1.672363 ,-1.591324 ,-1.551001 ,-1.559178 ,-1.436553 ,14.404817 ,14.972206 ,15.768020 ,16.571810 ,17.522676 ,18.522676 ,5.589658  ,-8.937256 ,-1.704346 ,14.404817 ,5.361004  ,-9.862744 ,-1.570822 ,15.104817 ,5.360967  ,-10.562748,-1.570565 ,15.804817 ,5.357514  ,-11.263090,-1.484711 ,16.504817 ,5.409964  ,-11.957896,-1.578122 ,17.204817 ,5.411026  ,-12.657791,-1.570607 ,17.904817 
5.572608  ,-9.003692 ,0.741542  ,5.572608  ,5.408034  ,5.340457  ,5.370892  ,5.396603  ,5.409258  ,-9.003692 ,-9.786581 ,-10.583722,-11.383143,-12.182729,-12.982629,-1.777993 ,-1.655368 ,-1.532743 ,-1.538653 ,-1.554976 ,-1.432351 ,14.338381 ,15.028655 ,15.825849 ,16.625559 ,17.579699 ,18.579699 ,5.572608  ,-9.003692 ,-1.777993 ,14.338381 ,5.361000  ,-9.796308 ,-1.570795 ,15.038381 ,5.361084  ,-10.496300,-1.571393 ,15.738381 ,5.355784  ,-11.196825,-1.513917 ,16.438381 ,5.409595  ,-11.891497,-1.580732 ,17.138381 ,5.411019  ,-12.591356,-1.570660 ,17.838381 
5.536856  ,-9.080449 ,0.633666  ,5.536856  ,5.306703  ,5.169802  ,5.130340  ,5.188910  ,5.344123  ,-9.080449 ,-9.833765 ,-10.621965,-11.420991,-12.218844,-13.003642,-1.867310 ,-1.742769 ,-1.620144 ,-1.497519 ,-1.375542 ,-1.252917 ,14.322522 ,15.075835 ,15.864612 ,16.612119 ,17.608332 ,18.608332 ,5.536856  ,-9.080449 ,-1.867310 ,14.322522 ,5.360999  ,-9.780449 ,-1.570791 ,15.022522 ,5.361095  ,-10.480440,-1.571468 ,15.722522 ,5.355995  ,-11.180945,-1.521232 ,16.422522 ,5.409642  ,-11.875633,-1.580401 ,17.122522 ,5.411013  ,-12.575497,-1.570701 ,17.822522 
5.445862  ,-9.208643 ,0.512757  ,5.445862  ,5.325224  ,5.255142  ,5.283065  ,5.367907  ,5.400512  ,-9.208643 ,-9.480790 ,-10.277714,-11.077227,-11.872715,-12.672050,-1.988052 ,-1.658511 ,-1.535886 ,-1.464544 ,-1.530028 ,-1.407403 ,14.633430 ,14.733430 ,15.519738 ,16.322469 ,17.269234 ,18.269234 ,5.445862  ,-9.208643 ,-1.988052 ,14.633430 ,5.360992  ,-10.091358,-1.570736 ,15.333430 ,5.360928  ,-10.791364,-1.570286 ,16.033430 ,5.400266  ,-11.487469,-1.455722 ,16.733430 ,5.411330  ,-12.186374,-1.568463 ,17.433430 ,5.410993  ,-12.886407,-1.570847 ,18.133430 
5.390575  ,-9.236628 ,0.482252  ,5.390575  ,5.263647  ,5.165092  ,5.164385  ,5.261539  ,5.367634  ,-9.236628 ,-9.479664 ,-10.273570,-11.073570,-11.867649,-12.660582,-2.052092 ,-1.694304 ,-1.571679 ,-1.449054 ,-1.437785 ,-1.315160 ,14.605445 ,14.721737 ,15.515560 ,16.323938 ,17.260325 ,18.260325 ,5.390575  ,-9.236628 ,-2.052092 ,14.605445 ,5.360998  ,-10.063373,-1.570779 ,15.305445 ,5.360753  ,-10.763397,-1.569047 ,16.005445 ,5.394241  ,-11.460081,-1.452187 ,16.705445 ,5.411371  ,-12.158385,-1.568169 ,17.405445 ,5.410993  ,-12.858422,-1.570841 ,18.105445 
5.337772  ,-9.339830 ,0.495008  ,5.337772  ,5.176637  ,5.100418  ,5.159089  ,5.314910  ,5.384485  ,-9.339830 ,-9.561669 ,-9.836627 ,-10.634473,-11.419151,-12.216120,-2.198997 ,-1.841208 ,-1.497391 ,-1.374766 ,-1.483717 ,-1.361092 ,14.581903 ,14.803744 ,15.078684 ,15.877109 ,16.810522 ,17.810522 ,5.337772  ,-9.339830 ,-2.198997 ,14.581903 ,5.361002  ,-10.039830,-1.570808 ,15.281903 ,5.360666  ,-10.739863,-1.568437 ,15.981903 ,5.388868  ,-11.437071,-1.450749 ,16.681903 ,5.411373  ,-12.134842,-1.568155 ,17.381903 ,5.410995  ,-12.834880,-1.570829 ,18.081903 
5.201661  ,-9.372223 ,0.555740  ,5.206464  ,5.065761  ,4.965393  ,4.907725  ,4.899954  ,5.063179  ,-9.372223 ,-9.509475 ,-9.679615 ,-9.871121 ,-10.080761,-10.835203,-2.385258 ,-2.124275 ,-1.863291 ,-1.607849 ,-1.357728 ,-1.360488 ,14.614296 ,14.811034 ,15.048766 ,15.329957 ,15.966333 ,16.653476 ,5.201661  ,-9.372223 ,-2.385258 ,14.614296 ,5.360996  ,-10.072223,-1.570766 ,15.314296 ,5.360799  ,-10.772243,-1.569374 ,16.014296 ,5.396201  ,-11.468737,-1.453091 ,16.714296 ,5.411362  ,-12.167236,-1.568233 ,17.414296 ,5.410993  ,-12.867273,-1.570844 ,18.114296 
4.595518  ,-9.866314 ,1.130616  ,4.774384  ,4.836801  ,4.965358  ,4.933853  ,5.065039  ,5.167899  ,-9.866314 ,-10.024466,-10.208851,-10.437748,-11.226919,-11.796265,-2.229544 ,-1.968561 ,-1.707578 ,-1.406070 ,-1.392060 ,-1.391616 ,15.108386 ,15.558973 ,16.072281 ,16.600901 ,17.266794 ,17.896173 ,4.595518  ,-9.866314 ,-2.229544 ,15.108386 ,5.360957  ,-10.566318,-1.570494 ,15.808386 ,5.357757  ,-11.266635,-1.483291 ,16.508386 ,5.410002  ,-11.961462,-1.577858 ,17.208386 ,5.411026  ,-12.661360,-1.570609 ,17.908386 ,5.410999  ,-13.361363,-1.570799 ,18.608386 
4.560057  ,-10.214630,0.548808  ,4.560057  ,4.537156  ,4.753750  ,5.062918  ,5.266626  ,5.457097  ,-10.214630,-10.487856,-11.257978,-11.995823,-12.474746,-12.924244,-1.654420 ,-1.296631 ,-1.174006 ,-1.168632 ,-1.169993 ,-1.167387 ,15.627443 ,16.062037 ,16.639645 ,17.208531 ,17.751760 ,18.323298 ,4.560057  ,-10.214630,-1.768232 ,15.627443 ,5.359607  ,-11.085509,-1.560662 ,16.327443 ,5.411724  ,-11.780348,-1.565622 ,17.027443 ,5.410944  ,-12.480425,-1.571194 ,17.727443 ,5.411002  ,-13.180420,-1.570784 ,18.427443 ,5.410998  ,-13.880420,-1.570786 ,19.127443 
4.573660  ,-10.318354,0.532723  ,4.573660  ,4.550742  ,4.767289  ,5.076411  ,5.296324  ,5.491232  ,-10.318354,-10.591579,-11.361713,-12.099578,-12.658522,-13.207481,-1.654481 ,-1.296693 ,-1.174068 ,-1.195954 ,-1.229630 ,-1.238732 ,15.560426 ,15.909093 ,16.544653 ,17.248826 ,17.966714 ,18.693793 ,4.573660  ,-10.318354,-1.654700 ,15.560426 ,5.361830  ,-11.018271,-1.576665 ,16.260426 ,5.414643  ,-11.713042,-1.540877 ,16.960426 ,5.410901  ,-12.413412,-1.571492 ,17.660426 ,5.411002  ,-13.113402,-1.570784 ,18.360426 ,5.411000  ,-13.813403,-1.570795 ,19.060426 
4.640599  ,-10.448874,0.051303  ,4.640599  ,4.683549  ,5.031472  ,5.288666  ,5.451270  ,5.516841  ,-10.448874,-10.759715,-11.480096,-12.237626,-13.020927,-13.818235,-1.433491 ,-1.120866 ,-1.243491 ,-1.366116 ,-1.488741 ,-1.366116 ,15.893200 ,15.998951 ,16.642886 ,17.485062 ,18.416608 ,19.416608 ,4.640599  ,-10.448874,-1.433491 ,15.893200 ,5.369248  ,-11.350310,-1.457936 ,16.593200 ,5.410965  ,-12.046179,-1.571042 ,17.293200 ,5.411011  ,-12.746175,-1.570715 ,17.993200 ,5.410999  ,-13.446176,-1.570798 ,18.693200 ,5.411007  ,-14.146175,-1.570841 ,19.393200 
4.636517  ,-10.444148,0.000000  ,4.636517  ,4.673847  ,5.028883  ,5.293562  ,5.463910  ,5.537368  ,-10.444148,-10.736517,-11.453420,-12.208367,-12.990020,-13.786640,-1.443802 ,-1.110968 ,-1.233593 ,-1.356218 ,-1.478843 ,-1.356218 ,15.897925 ,15.997925 ,16.620410 ,17.455745 ,18.385361 ,19.385361 ,4.636517  ,-10.444148,-1.443802 ,15.897925 ,5.370172  ,-11.354944,-1.457050 ,16.597925 ,5.411008  ,-12.050901,-1.570740 ,17.297925 ,5.411010  ,-12.750900,-1.570723 ,17.997925 ,5.410999  ,-13.450901,-1.570798 ,18.697925 ,5.411007  ,-14.150900,-1.570843 ,19.397925 
4.643088  ,-10.433290,0.071547  ,4.643088  ,4.674309  ,5.027476  ,5.290189  ,5.458501  ,5.529885  ,-10.433290,-10.714542,-11.432367,-12.188001,-12.970095,-13.766904,-1.460240 ,-1.113572 ,-1.236197 ,-1.358822 ,-1.481447 ,-1.358822 ,15.908783 ,16.008783 ,16.603997 ,17.435319 ,18.365530 ,19.365530 ,4.643088  ,-10.433290,-1.460240 ,15.908783 ,5.372377  ,-11.365584,-1.455230 ,16.608783 ,5.411096  ,-12.061750,-1.570118 ,17.308783 ,5.411008  ,-12.761759,-1.570741 ,18.008783 ,5.410999  ,-13.461760,-1.570798 ,18.708783 ,5.411008  ,-14.161759,-1.570847 ,19.408783 
4.658960  ,-10.438330,0.000000  ,4.658960  ,4.698262  ,5.032667  ,5.275666  ,5.423609  ,5.474275  ,-10.438330,-10.754746,-11.481502,-12.243703,-13.029905,-13.828299,-1.447217 ,-1.139547 ,-1.262172 ,-1.384797 ,-1.507422 ,-1.384797 ,15.903743 ,16.003743 ,16.644341 ,17.491182 ,18.426128 ,19.426128 ,4.658960  ,-10.438330,-1.447217 ,15.903743 ,5.371340  ,-11.360646,-1.456038 ,16.603743 ,5.411057  ,-12.056713,-1.570394 ,17.303743 ,5.411009  ,-12.756718,-1.570733 ,18.003743 ,5.410999  ,-13.456719,-1.570798 ,18.703743 ,5.411008  ,-14.156718,-1.570845 ,19.403743 
4.678795  ,-10.453505,0.000000  ,4.678795  ,4.748867  ,5.047853  ,5.263190  ,5.382667  ,5.404999  ,-10.453505,-10.887728,-11.629757,-12.400231,-13.191259,-13.990947,-1.410802 ,-1.187767 ,-1.298264 ,-1.420889 ,-1.542877 ,-1.420252 ,15.888568 ,16.123025 ,16.868770 ,17.647232 ,18.588120 ,19.588120 ,4.678795  ,-10.453505,-1.410802 ,15.888568 ,5.368363  ,-11.345766,-1.458858 ,16.588568 ,5.410921  ,-12.041552,-1.571356 ,17.288568 ,5.411012  ,-12.741543,-1.570708 ,17.988568 ,5.410999  ,-13.441544,-1.570798 ,18.688568 ,5.411007  ,-14.141543,-1.570839 ,19.388568 
4.682675  ,-10.458581,0.070161  ,4.682675  ,4.764109  ,5.053272  ,5.266064  ,5.382929  ,5.405068  ,-10.458581,-10.938213,-11.684125,-12.455306,-13.246724,-14.046417,-1.402615 ,-1.200969 ,-1.301566 ,-1.424191 ,-1.543119 ,-1.420494 ,15.883492 ,16.177976 ,16.943915 ,17.702217 ,18.643588 ,19.643588 ,4.682675  ,-10.458581,-1.402615 ,15.883492 ,5.367421  ,-11.340783,-1.459931 ,16.583492 ,5.410870  ,-12.036481,-1.571717 ,17.283492 ,5.411013  ,-12.736467,-1.570700 ,17.983492 ,5.410999  ,-13.436468,-1.570798 ,18.683492 ,5.411006  ,-14.136467,-1.570837 ,19.383492 
4.675534  ,-10.440035,0.059068  ,4.675534  ,4.824363  ,5.084191  ,5.282421  ,5.384359  ,5.405598  ,-10.440035,-11.174612,-11.931242,-12.706294,-13.499773,-14.299491,-1.370898 ,-1.240011 ,-1.320401 ,-1.443026 ,-1.544244 ,-1.421619 ,15.902038 ,16.425288 ,17.175958 ,17.953345 ,18.896679 ,19.896679 ,4.675534  ,-10.440035,-1.370898 ,15.902038 ,5.370995  ,-11.358976,-1.456326 ,16.602038 ,5.411043  ,-12.055011,-1.570493 ,17.302038 ,5.411009  ,-12.755014,-1.570730 ,18.002038 ,5.410999  ,-13.455015,-1.570798 ,18.702038 ,5.411008  ,-14.155014,-1.570844 ,19.402038 
4.694105  ,-10.425987,0.143372  ,4.694105  ,4.869703  ,5.139451  ,5.315049  ,5.393860  ,5.408512  ,-10.425987,-11.206478,-11.959628,-12.740119,-13.536227,-14.336093,-1.349497 ,-1.226872 ,-1.349497 ,-1.472122 ,-1.552481 ,-1.429856 ,15.916086 ,16.447709 ,17.203784 ,17.987166 ,18.933200 ,19.933200 ,4.694105  ,-10.425987,-1.349497 ,15.916086 ,5.373914  ,-11.372735,-1.454174 ,16.616086 ,5.411147  ,-12.069048,-1.569754 ,17.316086 ,5.411006  ,-12.769062,-1.570753 ,18.016086 ,5.410999  ,-13.469062,-1.570798 ,18.716086 ,5.411009  ,-14.169061,-1.570849 ,19.416086 
4.706040  ,-10.417627,0.062673  ,4.706040  ,4.886216  ,5.159137  ,5.338025  ,5.420194  ,5.416521  ,-10.417627,-11.197073,-11.949080,-12.728823,-13.524592,-14.324584,-1.343628 ,-1.222654 ,-1.345279 ,-1.467904 ,-1.575387 ,-1.452762 ,15.659700 ,16.441025 ,17.193696 ,17.975864 ,18.921633 ,19.921633 ,4.706040  ,-10.417627,-1.343628 ,15.659700 ,5.358162  ,-11.117908,-1.548749 ,16.359700 ,5.410617  ,-11.812714,-1.573507 ,17.059700 ,5.410971  ,-12.512679,-1.570998 ,17.759700 ,5.411001  ,-13.212676,-1.570787 ,18.459700 ,5.410997  ,-13.912676,-1.570783 ,19.159700 
4.707233  ,-10.421500,0.000000  ,4.707233  ,4.888486  ,5.160602  ,5.338656  ,5.419973  ,5.416456  ,-10.421500,-11.200697,-11.952995,-12.732929,-13.528785,-14.328778,-1.342246 ,-1.223724 ,-1.346349 ,-1.468974 ,-1.575193 ,-1.452568 ,15.663573 ,16.443614 ,17.197520 ,17.979970 ,18.925825 ,19.925826 ,4.707233  ,-10.421500,-1.342246 ,15.663573 ,5.357992  ,-11.121798,-1.547186 ,16.363573 ,5.410513  ,-11.816597,-1.574237 ,17.063573 ,5.410975  ,-12.516552,-1.570974 ,17.763573 ,5.411001  ,-13.216549,-1.570787 ,18.463573 ,5.410997  ,-13.916549,-1.570783 ,19.163573 
4.695177  ,-10.425681,0.000000  ,4.695177  ,4.921009  ,5.181515  ,5.347544  ,5.416602  ,5.415432  ,-10.425681,-11.193144,-11.949541,-12.732123,-13.529137,-14.329136,-1.284616 ,-1.239116 ,-1.361741 ,-1.484366 ,-1.572259 ,-1.449634 ,15.916392 ,16.437998 ,17.194345 ,17.979163 ,18.926180 ,19.926180 ,4.695177  ,-10.425681,-1.284616 ,15.916392 ,5.373979  ,-11.373034,-1.454133 ,16.616392 ,5.411149  ,-12.069354,-1.569740 ,17.316392 ,5.411006  ,-12.769368,-1.570753 ,18.016392 ,5.410999  ,-13.469369,-1.570798 ,18.716392 ,5.411009  ,-14.169368,-1.570849 ,19.416392 
4.750399  ,-10.458495,0.239046  ,4.750399  ,5.034900  ,5.254482  ,5.378319  ,5.404551  ,5.411771  ,-10.458495,-11.206197,-11.975472,-12.765830,-13.565399,-14.365367,-1.207212 ,-1.292751 ,-1.415376 ,-1.538001 ,-1.561771 ,-1.439146 ,15.883578 ,16.447577 ,17.220625 ,18.012861 ,18.962409 ,19.962409 ,4.750399  ,-10.458495,-1.207212 ,15.883578 ,5.367437  ,-11.340868,-1.459913 ,16.583578 ,5.410870  ,-12.036567,-1.571711 ,17.283578 ,5.411013  ,-12.736553,-1.570700 ,17.983578 ,5.410999  ,-13.436555,-1.570798 ,18.683578 ,5.411006  ,-14.136554,-1.570837 ,19.383578 
