# true_x, true_y_pos, yaw, speed, pf_x, pf_y, pf_yaw
0.000000  ,0.000000  ,0.000000  ,0.000000  ,0.498464  ,0.027206  ,-0.006483 ,0.000000  
0.002337  ,0.000000  ,0.000084  ,0.202932  ,0.501615  ,0.025572  ,-0.002976 ,0.000000  
0.012170  ,0.000003  ,0.000554  ,0.447288  ,0.502855  ,0.024966  ,-0.002944 ,0.202932  
0.060054  ,0.000376  ,0.002653  ,0.895956  ,0.519326  ,0.024804  ,-0.002768 ,0.591440  
0.111048  ,0.000951  ,0.005020  ,1.134639  ,0.551587  ,0.023391  ,0.000010  ,0.895956  
0.146887  ,0.001408  ,0.006562  ,1.252306  ,0.600905  ,0.030717  ,0.011267  ,1.134639  
0.159587  ,0.001589  ,0.007211  ,1.287859  ,0.641036  ,0.039365  ,0.005951  ,1.252306  
0.186011  ,0.001976  ,0.008407  ,1.353973  ,0.647916  ,0.049618  ,0.001661  ,1.321721  
0.199702  ,0.002182  ,0.008950  ,1.384692  ,0.641506  ,0.064338  ,-0.002061 ,1.353973  
0.213694  ,0.002412  ,0.009661  ,1.413950  ,0.647288  ,0.066418  ,-0.002426 ,1.384692  
0.257327  ,0.003155  ,0.011563  ,1.493638  ,0.651125  ,0.069783  ,-0.003584 ,1.413950  
0.272381  ,0.003438  ,0.012325  ,1.517715  ,0.676876  ,0.067834  ,-0.000058 ,1.493638  
0.287670  ,0.003722  ,0.012942  ,1.540648  ,0.680580  ,0.064885  ,0.001097  ,1.517715  
0.318909  ,0.004347  ,0.014363  ,1.583294  ,0.685007  ,0.065128  ,0.002688  ,1.562490  
0.350959  ,0.005029  ,0.015824  ,1.621980  ,0.685638  ,0.066098  ,0.002184  ,1.583294  
0.350959  ,0.005029  ,0.015824  ,1.621980  ,0.687255  ,0.066047  ,0.004013  ,1.603108  
0.383745  ,0.005773  ,0.017321  ,1.657075  ,0.684572  ,0.062926  ,0.007061  ,1.621980  
0.417199  ,0.006579  ,0.018851  ,1.688912  ,0.699295  ,0.062817  ,0.008282  ,1.657075  
0.451259  ,0.007449  ,0.020411  ,1.717793  ,0.709244  ,0.060978  ,0.010085  ,1.688912  
0.485867  ,0.008384  ,0.021999  ,1.743993  ,0.733184  ,0.061105  ,0.012091  ,1.731212  
0.520973  ,0.009386  ,0.023612  ,1.767760  ,0.736797  ,0.057652  ,0.014698  ,1.743993  
0.538698  ,0.009919  ,0.024510  ,1.778803  ,0.750323  ,0.057353  ,0.015489  ,1.767760  
0.592497  ,0.011595  ,0.026906  ,1.808880  ,0.749102  ,0.051463  ,0.018000  ,1.778803  
0.628834  ,0.012804  ,0.028582  ,1.826624  ,0.780905  ,0.049509  ,0.021913  ,1.808880  
0.647130  ,0.013441  ,0.029511  ,1.834868  ,0.799969  ,0.048663  ,0.022956  ,1.826624  
0.683959  ,0.014756  ,0.031214  ,1.850199  ,0.822626  ,0.047192  ,0.026979  ,1.842720  
0.721078  ,0.016143  ,0.032932  ,1.864106  ,0.828873  ,0.045870  ,0.025693  ,1.850199  
0.833913  ,0.020741  ,0.038166  ,1.898550  ,0.855009  ,0.045826  ,0.028373  ,1.864106  
0.891024  ,0.023281  ,0.040736  ,1.912344  ,0.946547  ,0.050327  ,0.033062  ,1.898550  
0.948513  ,0.026003  ,0.043497  ,1.924263  ,1.003684  ,0.055179  ,0.033764  ,1.916512  
1.006327  ,0.028879  ,0.046106  ,1.934562  ,1.037886  ,0.044593  ,0.056982  ,1.924263  
1.083840  ,0.032985  ,0.049722  ,1.946148  ,1.092235  ,0.044624  ,0.058134  ,1.934562  
1.142244  ,0.036269  ,0.052535  ,1.953470  ,1.167655  ,0.047185  ,0.058430  ,1.946148  
1.200844  ,0.039710  ,0.055189  ,1.959797  ,1.212210  ,0.048136  ,0.061580  ,1.953470  
1.240005  ,0.042102  ,0.057020  ,1.963530  ,1.269384  ,0.046274  ,0.063799  ,1.959797  
1.279232  ,0.044571  ,0.058856  ,1.966916  ,1.299344  ,0.054685  ,0.061095  ,1.963530  
1.298868  ,0.045840  ,0.059860  ,1.968489  ,1.320820  ,0.054328  ,0.063696  ,1.966916  
1.338183  ,0.048422  ,0.061701  ,1.971414  ,1.361559  ,0.057372  ,0.065936  ,1.969987  
1.397249  ,0.052430  ,0.064383  ,1.975301  ,1.382832  ,0.060348  ,0.065154  ,1.971414  
1.495899  ,0.059506  ,0.069094  ,1.980641  ,1.458111  ,0.068088  ,0.065155  ,1.976476  
1.535419  ,0.062466  ,0.070948  ,1.982438  ,1.529710  ,0.073928  ,0.068333  ,1.980641  
1.555191  ,0.063968  ,0.071790  ,1.983273  ,1.579514  ,0.076008  ,0.089817  ,1.982438  
1.594755  ,0.067016  ,0.073355  ,1.984826  ,1.628716  ,0.071618  ,0.091001  ,1.984069  
1.634361  ,0.069899  ,0.072785  ,1.986235  ,1.654153  ,0.068493  ,0.091847  ,1.984826  
1.674003  ,0.072654  ,0.071371  ,1.987513  ,1.692049  ,0.068972  ,0.093341  ,1.986235  
1.693836  ,0.073985  ,0.070454  ,1.988107  ,1.739341  ,0.065698  ,0.097663  ,1.987513  
1.753378  ,0.077872  ,0.067867  ,1.989724  ,1.769356  ,0.062858  ,0.096415  ,1.988672  
1.812976  ,0.081564  ,0.065015  ,1.991121  ,1.811545  ,0.066222  ,0.095520  ,1.990212  
1.852732  ,0.084005  ,0.063913  ,1.991945  ,1.840640  ,0.068266  ,0.094309  ,1.991121  
1.892497  ,0.086558  ,0.064292  ,1.992693  ,1.923126  ,0.080000  ,0.067433  ,1.992328  
1.932267  ,0.089246  ,0.065646  ,1.993371  ,1.979237  ,0.094283  ,0.062385  ,1.993041  
1.991933  ,0.093463  ,0.068138  ,1.994273  ,2.019029  ,0.106840  ,0.058068  ,1.993687  
2.071506  ,0.099370  ,0.071526  ,1.995287  ,2.081915  ,0.110702  ,0.058283  ,1.994545  
2.131229  ,0.103541  ,0.070209  ,1.995928  ,2.155927  ,0.111022  ,0.059047  ,1.995511  
2.210912  ,0.108723  ,0.066831  ,1.996649  ,2.182678  ,0.117806  ,0.056598  ,1.995928  
2.250772  ,0.111182  ,0.064996  ,1.996960  ,2.281318  ,0.121264  ,0.079419  ,1.996649  
2.290644  ,0.113562  ,0.063140  ,1.997242  ,2.324965  ,0.120807  ,0.077074  ,1.996960  
2.350468  ,0.116993  ,0.060426  ,1.997617  ,2.380016  ,0.124606  ,0.076561  ,1.997373  
2.410314  ,0.120240  ,0.057535  ,1.997941  ,2.429971  ,0.130870  ,0.073510  ,1.997730  
2.470176  ,0.123332  ,0.054813  ,1.998221  ,2.460857  ,0.132225  ,0.069735  ,1.997941  
2.530056  ,0.126242  ,0.051918  ,1.998463  ,2.521651  ,0.133780  ,0.066409  ,1.998306  
2.569984  ,0.128093  ,0.050045  ,1.998606  ,2.574937  ,0.133783  ,0.045546  ,1.998463  
2.609918  ,0.129869  ,0.048171  ,1.998735  ,2.633745  ,0.130321  ,0.046798  ,1.998672  
2.649857  ,0.131570  ,0.046298  ,1.998853  ,2.653860  ,0.131117  ,0.043301  ,1.998735  
2.669829  ,0.132400  ,0.045447  ,1.998907  ,2.691355  ,0.135824  ,0.041012  ,1.998853  
2.689802  ,0.133197  ,0.044424  ,1.998959  ,2.705599  ,0.137824  ,0.039393  ,1.998907  
2.749729  ,0.135504  ,0.041699  ,1.999101  ,2.748922  ,0.142480  ,0.062155  ,1.998959  
2.829647  ,0.138309  ,0.037951  ,1.999260  ,2.830102  ,0.151635  ,0.057142  ,1.999143  
2.849629  ,0.138956  ,0.036928  ,1.999295  ,2.880455  ,0.154464  ,0.054787  ,1.999260  
2.889597  ,0.140184  ,0.034762  ,1.999360  ,2.893634  ,0.154505  ,0.052469  ,1.999295  
2.929574  ,0.141094  ,0.030445  ,1.999420  ,2.946730  ,0.155940  ,0.029276  ,1.999360  
3.009546  ,0.142100  ,0.019814  ,1.999523  ,2.985173  ,0.154966  ,0.026745  ,1.999420  
3.009546  ,0.142100  ,0.019814  ,1.999523  ,3.052014  ,0.153646  ,0.021297  ,1.999523  
3.069533  ,0.142212  ,0.011368  ,1.999588  ,3.060040  ,0.149980  ,0.023403  ,1.999545  
3.109524  ,0.142001  ,0.005760  ,1.999626  ,3.087237  ,0.146841  ,0.020528  ,1.999588  
3.129520  ,0.141816  ,0.003039  ,1.999644  ,3.123896  ,0.148205  ,0.000688  ,1.999626  
3.149515  ,0.141562  ,0.000144  ,1.999661  ,3.140647  ,0.138921  ,0.001710  ,1.999644  
3.209495  ,0.140485  ,-0.008202 ,1.999707  ,3.195933  ,0.145305  ,0.018733  ,1.999661  
3.289453  ,0.138251  ,-0.019448 ,1.999759  ,3.258887  ,0.150189  ,0.007986  ,1.999707  
3.309438  ,0.137544  ,-0.022345 ,1.999770  ,3.346716  ,0.150314  ,-0.011228 ,1.999759  
3.369382  ,0.135116  ,-0.030695 ,1.999801  ,3.383229  ,0.149721  ,-0.017445 ,1.999781  
3.369382  ,0.135116  ,-0.030695 ,1.999801  ,3.418815  ,0.146125  ,-0.028048 ,1.999801  
3.409326  ,0.133067  ,-0.037835 ,1.999820  ,3.412669  ,0.147253  ,-0.025984 ,1.999801  
3.449244  ,0.130563  ,-0.046441 ,1.999837  ,3.444264  ,0.147556  ,-0.033056 ,1.999820  
3.469193  ,0.129161  ,-0.050873 ,1.999844  ,3.505975  ,0.142018  ,-0.022986 ,1.999837  
3.489134  ,0.127645  ,-0.055545 ,1.999852  ,3.515210  ,0.136580  ,-0.055662 ,1.999844  
3.528991  ,0.124308  ,-0.065113 ,1.999865  ,3.551508  ,0.136922  ,-0.036592 ,1.999852  
3.548898  ,0.122396  ,-0.070914 ,1.999872  ,3.588077  ,0.139218  ,-0.048937 ,1.999865  
3.588668  ,0.118137  ,-0.083246 ,1.999884  ,3.612071  ,0.139136  ,-0.063198 ,1.999872  
3.608530  ,0.115800  ,-0.089547 ,1.999889  ,3.651010  ,0.137964  ,-0.078679 ,1.999884  
3.628373  ,0.113312  ,-0.096090 ,1.999895  ,3.666825  ,0.132733  ,-0.082168 ,1.999889  
3.648201  ,0.110702  ,-0.102502 ,1.999900  ,3.690280  ,0.128966  ,-0.098449 ,1.999895  
3.668009  ,0.107944  ,-0.109110 ,1.999904  ,3.707812  ,0.125143  ,-0.099135 ,1.999900  
3.707591  ,0.102186  ,-0.120678 ,1.999913  ,3.724243  ,0.121822  ,-0.106851 ,1.999904  
3.747128  ,0.096132  ,-0.130803 ,1.999921  ,3.759587  ,0.112415  ,-0.121840 ,1.999913  
3.806271  ,0.086050  ,-0.148765 ,1.999932  ,3.786504  ,0.103635  ,-0.127192 ,1.999921  
3.825926  ,0.082357  ,-0.155628 ,1.999935  ,3.865074  ,0.097141  ,-0.136226 ,1.999932  
3.845560  ,0.078549  ,-0.162227 ,1.999938  ,3.892128  ,0.096893  ,-0.144114 ,1.999935  
3.865165  ,0.074599  ,-0.168945 ,1.999941  ,3.909424  ,0.096327  ,-0.151626 ,1.999938  
3.884747  ,0.070534  ,-0.175460 ,1.999944  ,3.922843  ,0.095823  ,-0.159686 ,1.999941  
3.923825  ,0.062004  ,-0.188619 ,1.999949  ,3.940597  ,0.090124  ,-0.171900 ,1.999944  
3.943314  ,0.057514  ,-0.195567 ,1.999952  ,3.971950  ,0.078407  ,-0.182181 ,1.999949  
4.001504  ,0.042901  ,-0.219379 ,1.999958  ,3.977483  ,0.072921  ,-0.186880 ,1.999952  
4.020812  ,0.037687  ,-0.227562 ,1.999960  ,4.050608  ,0.053688  ,-0.202487 ,1.999958  
4.059284  ,0.026741  ,-0.244274 ,1.999964  ,4.072212  ,0.052395  ,-0.211031 ,1.999960  
4.097561  ,0.015132  ,-0.261087 ,1.999967  ,4.108083  ,0.043604  ,-0.244335 ,1.999964  
4.154582  ,-0.003531 ,-0.286747 ,1.999972  ,4.143485  ,0.035083  ,-0.266972 ,1.999967  
4.192241  ,-0.017009 ,-0.306057 ,1.999974  ,4.215566  ,0.018498  ,-0.290038 ,1.999972  
4.210954  ,-0.024067 ,-0.316168 ,1.999976  ,4.246210  ,0.000975  ,-0.305018 ,1.999974  
4.229594  ,-0.031315 ,-0.326224 ,1.999977  ,4.255952  ,-0.009180 ,-0.308291 ,1.999976  
4.266634  ,-0.046415 ,-0.346684 ,1.999979  ,4.281654  ,-0.025740 ,-0.327468 ,1.999978  
4.321634  ,-0.070388 ,-0.376114 ,1.999982  ,4.288247  ,-0.031669 ,-0.333237 ,1.999979  
4.339833  ,-0.078682 ,-0.385403 ,1.999983  ,4.343565  ,-0.059861 ,-0.370771 ,1.999982  
4.375881  ,-0.096013 ,-0.406679 ,1.999984  ,4.361564  ,-0.075017 ,-0.383080 ,1.999983  
4.429187  ,-0.123548 ,-0.439121 ,1.999986  ,4.410039  ,-0.102709 ,-0.416383 ,1.999985  
4.464255  ,-0.142787 ,-0.459974 ,1.999988  ,4.441861  ,-0.130616 ,-0.439523 ,1.999987  
4.498910  ,-0.162761 ,-0.480968 ,1.999989  ,4.442891  ,-0.142623 ,-0.444897 ,1.999988  
4.549868  ,-0.194428 ,-0.516058 ,1.999990  ,4.514737  ,-0.170574 ,-0.485925 ,1.999989  
4.615864  ,-0.239627 ,-0.564738 ,1.999992  ,4.583332  ,-0.202850 ,-0.525838 ,1.999991  
4.631945  ,-0.251518 ,-0.578040 ,1.999992  ,4.640341  ,-0.233363 ,-0.568138 ,1.999992  
4.679130  ,-0.288572 ,-0.618881 ,1.999993  ,4.645024  ,-0.245044 ,-0.570559 ,1.999992  
4.694558  ,-0.301299 ,-0.631701 ,1.999994  ,4.697697  ,-0.278400 ,-0.615972 ,1.999993  
4.709830  ,-0.314213 ,-0.644393 ,1.999994  ,4.709649  ,-0.285019 ,-0.624530 ,1.999994  
4.740018  ,-0.340455 ,-0.667641 ,1.999995  ,4.742517  ,-0.305996 ,-0.651394 ,1.999994  
4.784180  ,-0.381067 ,-0.702503 ,1.999995  ,4.755726  ,-0.322740 ,-0.665661 ,1.999995  
4.826782  ,-0.423311 ,-0.738832 ,1.999996  ,4.786076  ,-0.352880 ,-0.695167 ,1.999995  
4.881396  ,-0.481760 ,-0.784525 ,1.999997  ,4.823027  ,-0.386039 ,-0.728182 ,1.999996  
4.907616  ,-0.511966 ,-0.808395 ,1.999997  ,4.870257  ,-0.433469 ,-0.774963 ,1.999997  
4.933189  ,-0.542723 ,-0.831079 ,1.999997  ,4.920050  ,-0.474014 ,-0.804400 ,1.999997  
4.958177  ,-0.573956 ,-0.852408 ,1.999998  ,4.934225  ,-0.496186 ,-0.817992 ,1.999997  
4.982543  ,-0.605677 ,-0.873279 ,1.999998  ,4.969824  ,-0.540126 ,-0.854597 ,1.999998  
4.994460  ,-0.621740 ,-0.884026 ,1.999998  ,4.986487  ,-0.576642 ,-0.866125 ,1.999998  
5.017655  ,-0.654327 ,-0.906855 ,1.999998  ,5.020542  ,-0.595682 ,-0.887327 ,1.999998  
5.040208  ,-0.687361 ,-0.928354 ,1.999998  ,5.015991  ,-0.615649 ,-0.892803 ,1.999998  
5.062102  ,-0.720836 ,-0.949278 ,1.999998  ,5.048916  ,-0.660919 ,-0.917540 ,1.999998  
5.072801  ,-0.737734 ,-0.959571 ,1.999998  ,5.063191  ,-0.704589 ,-0.944137 ,1.999998  
5.103830  ,-0.789085 ,-0.990671 ,1.999999  ,5.108594  ,-0.736565 ,-0.970907 ,1.999999  
5.123636  ,-0.823836 ,-1.011310 ,1.999999  ,5.102529  ,-0.782472 ,-0.975489 ,1.999999  
5.142724  ,-0.858987 ,-1.031940 ,1.999999  ,5.124690  ,-0.819860 ,-0.998898 ,1.999999  
5.179172  ,-0.930199 ,-1.068694 ,1.999999  ,5.131890  ,-0.862278 ,-1.022973 ,1.999999  
5.179172  ,-0.930199 ,-1.068694 ,1.999999  ,5.164281  ,-0.935210 ,-1.054563 ,1.999999  
5.213361  ,-1.002521 ,-1.102812 ,1.999999  ,5.191965  ,-0.971475 ,-1.074258 ,1.999999  
5.229555  ,-1.039096 ,-1.119724 ,1.999999  ,5.209124  ,-1.011038 ,-1.095220 ,1.999999  
5.237416  ,-1.057487 ,-1.128256 ,1.999999  ,5.212013  ,-1.052622 ,-1.108767 ,1.999999  
5.245135  ,-1.075937 ,-1.136614 ,1.999999  ,5.239329  ,-1.078455 ,-1.120105 ,1.999999  
5.260094  ,-1.113034 ,-1.153495 ,1.999999  ,5.252353  ,-1.120960 ,-1.138776 ,1.999999  
5.274427  ,-1.150377 ,-1.170372 ,2.000000  ,5.252165  ,-1.135289 ,-1.140827 ,1.999999  
5.288129  ,-1.187957 ,-1.187248 ,2.000000  ,5.287667  ,-1.167432 ,-1.164645 ,2.000000  
5.301196  ,-1.225762 ,-1.204124 ,2.000000  ,5.284390  ,-1.214766 ,-1.176352 ,2.000000  
5.307483  ,-1.244748 ,-1.212647 ,2.000000  ,5.303802  ,-1.257544 ,-1.197824 ,2.000000  
5.325662  ,-1.301927 ,-1.235429 ,2.000000  ,5.326779  ,-1.283076 ,-1.211892 ,2.000000  
5.336997  ,-1.340287 ,-1.251451 ,2.000000  ,5.363573  ,-1.347731 ,-1.244384 ,2.000000  
5.357934  ,-1.417496 ,-1.282071 ,2.000000  ,5.367155  ,-1.353475 ,-1.253579 ,2.000000  
5.367727  ,-1.456279 ,-1.295612 ,2.000000  ,5.415114  ,-1.449170 ,-1.295045 ,2.000000  
5.394144  ,-1.573327 ,-1.335210 ,2.000000  ,5.409527  ,-1.474625 ,-1.298793 ,2.000000  
5.405646  ,-1.632213 ,-1.354823 ,2.000000  ,5.419592  ,-1.594148 ,-1.338024 ,2.000000  
5.425913  ,-1.750487 ,-1.388169 ,2.000000  ,5.445998  ,-1.686644 ,-1.368459 ,2.000000  
5.440529  ,-1.849411 ,-1.411757 ,2.000000  ,5.432559  ,-1.772753 ,-1.387900 ,2.000000  
5.452853  ,-1.948646 ,-1.435304 ,2.000000  ,5.460842  ,-1.873368 ,-1.411137 ,2.000000  
5.461193  ,-2.028210 ,-1.452541 ,2.000000  ,5.447996  ,-1.949255 ,-1.422838 ,2.000000  
5.468834  ,-2.107844 ,-1.464829 ,2.000000  ,5.472803  ,-2.021567 ,-1.449931 ,2.000000  
5.475671  ,-2.187551 ,-1.476214 ,2.000000  ,5.473604  ,-2.094102 ,-1.459893 ,2.000000  
5.482982  ,-2.287282 ,-1.490387 ,2.000000  ,5.489421  ,-2.169504 ,-1.475925 ,2.000000  
5.487835  ,-2.367134 ,-1.501640 ,2.000000  ,5.513474  ,-2.273038 ,-1.489934 ,2.000000  
5.490893  ,-2.427056 ,-1.509992 ,2.000000  ,5.510557  ,-2.354225 ,-1.500255 ,2.000000  
5.494175  ,-2.506988 ,-1.521242 ,2.000000  ,5.499539  ,-2.411327 ,-1.502385 ,2.000000  
5.497151  ,-2.606944 ,-1.533874 ,2.000000  ,5.498684  ,-2.487748 ,-1.512394 ,2.000000  
5.499350  ,-2.686914 ,-1.538661 ,2.000000  ,5.502106  ,-2.592926 ,-1.530036 ,2.000000  
5.501340  ,-2.766889 ,-1.542547 ,2.000000  ,5.494575  ,-2.670963 ,-1.531177 ,2.000000  
5.502233  ,-2.806879 ,-1.544437 ,2.000000  ,5.491993  ,-2.746858 ,-1.534336 ,2.000000  
5.504783  ,-2.946855 ,-1.551098 ,2.000000  ,5.491409  ,-2.787811 ,-1.533640 ,2.000000  
5.505081  ,-2.966853 ,-1.551950 ,2.000000  ,5.480004  ,-2.929107 ,-1.538879 ,2.000000  
5.505347  ,-2.986851 ,-1.552973 ,2.000000  ,5.464977  ,-2.950875 ,-1.535359 ,2.000000  
5.505607  ,-3.006850 ,-1.553825 ,2.000000  ,5.455733  ,-2.976892 ,-1.533116 ,2.000000  
5.505835  ,-3.026848 ,-1.554849 ,2.000000  ,5.452464  ,-2.987888 ,-1.534241 ,2.000000  
5.506058  ,-3.046847 ,-1.555700 ,2.000000  ,5.444598  ,-3.002488 ,-1.535396 ,2.000000  
5.506058  ,-3.046847 ,-1.555700 ,2.000000  ,5.441528  ,-3.006745 ,-1.534606 ,2.000000  
5.506853  ,-3.146844 ,-1.560474 ,2.000000  ,5.451554  ,-3.072292 ,-1.540021 ,2.000000  
5.507042  ,-3.186843 ,-1.562349 ,2.000000  ,5.468722  ,-3.099637 ,-1.545898 ,2.000000  
5.507192  ,-3.246843 ,-1.565075 ,2.000000  ,5.520531  ,-3.185927 ,-1.562669 ,2.000000  
5.507194  ,-3.286843 ,-1.566950 ,2.000000  ,5.542029  ,-3.260083 ,-1.565802 ,2.000000  
5.506863  ,-3.386842 ,-1.571723 ,2.000000  ,5.550806  ,-3.318095 ,-1.567962 ,2.000000  
5.506267  ,-3.466840 ,-1.575473 ,2.000000  ,5.546323  ,-3.413924 ,-1.573940 ,2.000000  
5.505106  ,-3.566833 ,-1.580075 ,2.000000  ,5.534179  ,-3.494651 ,-1.572587 ,2.000000  
5.503835  ,-3.646823 ,-1.583824 ,2.000000  ,5.514713  ,-3.590308 ,-1.573342 ,2.000000  
5.501817  ,-3.746803 ,-1.588598 ,2.000000  ,5.503387  ,-3.665422 ,-1.576202 ,2.000000  
5.498785  ,-3.866764 ,-1.594222 ,2.000000  ,5.496376  ,-3.759178 ,-1.578781 ,2.000000  
5.497023  ,-3.926738 ,-1.596949 ,2.000000  ,5.487126  ,-3.875186 ,-1.581226 ,2.000000  
5.495750  ,-3.966718 ,-1.598824 ,2.000000  ,5.465681  ,-3.927714 ,-1.574309 ,2.000000  
5.493693  ,-4.026683 ,-1.601722 ,2.000000  ,5.464809  ,-3.958223 ,-1.578221 ,2.000000  
5.492233  ,-4.066656 ,-1.603597 ,2.000000  ,5.462457  ,-4.004264 ,-1.577512 ,2.000000  
5.490698  ,-4.106626 ,-1.605472 ,2.000000  ,5.472849  ,-4.065206 ,-1.587034 ,2.000000  
5.489087  ,-4.146594 ,-1.607347 ,2.000000  ,5.510888  ,-4.107508 ,-1.604808 ,2.000000  
5.488261  ,-4.166577 ,-1.608198 ,2.000000  ,5.524219  ,-4.156072 ,-1.607564 ,2.000000  
5.486538  ,-4.206540 ,-1.610073 ,2.000000  ,5.529578  ,-4.175899 ,-1.614254 ,2.000000  
5.483807  ,-4.266478 ,-1.612972 ,2.000000  ,5.525930  ,-4.216116 ,-1.611010 ,2.000000  
5.480933  ,-4.326409 ,-1.615552 ,2.000000  ,5.515746  ,-4.273243 ,-1.613712 ,2.000000  
5.477256  ,-4.406324 ,-1.615674 ,2.000000  ,5.504733  ,-4.308634 ,-1.614071 ,2.000000  
5.474800  ,-4.466274 ,-1.613515 ,2.000000  ,5.496657  ,-4.399528 ,-1.613215 ,2.000000  
5.473288  ,-4.506245 ,-1.611740 ,2.000000  ,5.494294  ,-4.441961 ,-1.611261 ,2.000000  
5.471186  ,-4.566208 ,-1.608889 ,2.000000  ,5.495240  ,-4.484318 ,-1.613959 ,2.000000  
5.468651  ,-4.646168 ,-1.605154 ,2.000000  ,5.499728  ,-4.560789 ,-1.609874 ,2.000000  
5.467499  ,-4.686151 ,-1.603281 ,2.000000  ,5.505059  ,-4.652680 ,-1.608699 ,2.000000  
5.466944  ,-4.706144 ,-1.602430 ,2.000000  ,5.515766  ,-4.695325 ,-1.607046 ,2.000000  
5.466422  ,-4.726137 ,-1.601407 ,2.000000  ,5.527157  ,-4.702502 ,-1.608503 ,2.000000  
5.465277  ,-4.766120 ,-1.601049 ,2.000000  ,5.521990  ,-4.720105 ,-1.606336 ,2.000000  
5.464649  ,-4.786111 ,-1.601418 ,2.000000  ,5.526563  ,-4.761027 ,-1.604741 ,2.000000  
5.463975  ,-4.806099 ,-1.602157 ,2.000000  ,5.530198  ,-4.767443 ,-1.608031 ,2.000000  
5.462559  ,-4.846074 ,-1.603762 ,2.000000  ,5.526514  ,-4.789951 ,-1.609792 ,2.000000  
5.461822  ,-4.866061 ,-1.604552 ,2.000000  ,5.525262  ,-4.844556 ,-1.610665 ,2.000000  
5.461049  ,-4.886046 ,-1.605539 ,2.000000  ,5.520030  ,-4.862610 ,-1.609719 ,2.000000  
5.459596  ,-4.926019 ,-1.605860 ,2.000000  ,5.512890  ,-4.863282 ,-1.609667 ,2.000000  
5.458923  ,-4.946008 ,-1.605482 ,2.000000  ,5.508525  ,-4.888849 ,-1.609361 ,2.000000  
5.458923  ,-4.946008 ,-1.605482 ,2.000000  ,5.509731  ,-4.898941 ,-1.610486 ,2.000000  
5.457103  ,-5.005980 ,-1.603125 ,2.000000  ,5.513165  ,-4.932346 ,-1.610337 ,2.000000  
5.457103  ,-5.005980 ,-1.603125 ,2.000000  ,5.511794  ,-4.958990 ,-1.607709 ,2.000000  
5.454992  ,-5.085952 ,-1.599507 ,2.000000  ,5.510951  ,-4.955283 ,-1.607182 ,2.000000  
5.453205  ,-5.165932 ,-1.595778 ,2.000000  ,5.509716  ,-5.037336 ,-1.607376 ,2.000000  
5.453205  ,-5.165932 ,-1.595778 ,2.000000  ,5.509299  ,-5.115351 ,-1.604171 ,2.000000  
5.451205  ,-5.245907 ,-1.596531 ,2.000000  ,5.503968  ,-5.117616 ,-1.602116 ,2.000000  
5.450013  ,-5.285889 ,-1.598136 ,2.000000  ,5.497450  ,-5.183801 ,-1.601992 ,2.000000  
5.449388  ,-5.305879 ,-1.598927 ,2.000000  ,5.509944  ,-5.202394 ,-1.606505 ,2.000000  
5.448727  ,-5.325868 ,-1.599913 ,2.000000  ,5.516215  ,-5.195210 ,-1.609892 ,2.000000  
5.448084  ,-5.345858 ,-1.600450 ,2.000000  ,5.517325  ,-5.192125 ,-1.611088 ,2.000000  
5.447499  ,-5.365849 ,-1.600235 ,2.000000  ,5.515695  ,-5.201110 ,-1.610321 ,2.000000  
5.446938  ,-5.385842 ,-1.599857 ,2.000000  ,5.519577  ,-5.197190 ,-1.611106 ,2.000000  
5.446422  ,-5.405835 ,-1.599112 ,2.000000  ,5.526054  ,-5.190970 ,-1.613765 ,2.000000  
5.445456  ,-5.445823 ,-1.597501 ,2.000000  ,5.525415  ,-5.219197 ,-1.612140 ,2.000000  
5.445456  ,-5.445823 ,-1.597501 ,2.000000  ,5.522749  ,-5.230051 ,-1.609365 ,2.000000  
5.444583  ,-5.485814 ,-1.595721 ,2.000000  ,5.510321  ,-5.251538 ,-1.607148 ,2.000000  
5.444172  ,-5.505809 ,-1.594891 ,2.000000  ,5.511196  ,-5.262690 ,-1.605716 ,2.000000  
5.443795  ,-5.525806 ,-1.593882 ,2.000000  ,5.496743  ,-5.279615 ,-1.599824 ,2.000000  
5.443087  ,-5.565800 ,-1.592022 ,2.000000  ,5.473078  ,-5.326391 ,-1.592070 ,2.000000  
5.442372  ,-5.605793 ,-1.591057 ,2.000000  ,5.441278  ,-5.387198 ,-1.577483 ,2.000000  
5.441498  ,-5.645784 ,-1.591898 ,2.000000  ,5.419148  ,-5.433001 ,-1.570932 ,2.000000  
5.440501  ,-5.685771 ,-1.593413 ,2.000000  ,5.411856  ,-5.485807 ,-1.570874 ,2.000000  
5.439406  ,-5.725756 ,-1.595158 ,2.000000  ,5.412428  ,-5.533286 ,-1.573084 ,2.000000  
5.438224  ,-5.765739 ,-1.596985 ,2.000000  ,5.428474  ,-5.581947 ,-1.582475 ,2.000000  
5.436435  ,-5.825712 ,-1.598343 ,2.000000  ,5.463820  ,-5.638593 ,-1.596978 ,2.000000  
5.435910  ,-5.845705 ,-1.597971 ,2.000000  ,5.483236  ,-5.680582 ,-1.606310 ,2.000000  
5.434963  ,-5.885694 ,-1.596546 ,2.000000  ,5.496487  ,-5.689037 ,-1.606529 ,2.000000  
5.434118  ,-5.925685 ,-1.594831 ,2.000000  ,5.487321  ,-5.732268 ,-1.601782 ,2.000000  
5.433737  ,-5.945681 ,-1.593844 ,2.000000  ,5.468889  ,-5.791020 ,-1.591597 ,2.000000  
5.432689  ,-6.005672 ,-1.591164 ,2.000000  ,5.448569  ,-5.817442 ,-1.585711 ,2.000000  
5.432096  ,-6.045668 ,-1.589299 ,2.000000  ,5.407573  ,-5.936623 ,-1.570891 ,2.000000  
5.431566  ,-6.085664 ,-1.587574 ,2.000000  ,5.391168  ,-6.021510 ,-1.566076 ,2.000000  
5.431271  ,-6.105662 ,-1.587310 ,2.000000  ,5.398665  ,-6.061195 ,-1.571619 ,2.000000  
5.430131  ,-6.165651 ,-1.588947 ,2.000000  ,5.399033  ,-6.089749 ,-1.571960 ,2.000000  
5.429702  ,-6.185646 ,-1.589664 ,2.000000  ,5.393528  ,-6.118778 ,-1.565233 ,2.000000  
5.428757  ,-6.225635 ,-1.591409 ,2.000000  ,5.391068  ,-6.146325 ,-1.565091 ,2.000000  
5.428245  ,-6.245629 ,-1.592402 ,2.000000  ,5.382985  ,-6.180071 ,-1.564976 ,2.000000  
5.426636  ,-6.305607 ,-1.594798 ,2.000000  ,5.392804  ,-6.189719 ,-1.569615 ,2.000000  
5.426161  ,-6.325601 ,-1.594593 ,2.000000  ,5.403802  ,-6.253678 ,-1.573743 ,2.000000  
5.425305  ,-6.365592 ,-1.593480 ,2.000000  ,5.408518  ,-6.271918 ,-1.577066 ,2.000000  
5.424562  ,-6.405585 ,-1.591872 ,2.000000  ,5.409208  ,-6.309496 ,-1.576355 ,2.000000  
5.423613  ,-6.465578 ,-1.589265 ,2.000000  ,5.398798  ,-6.362047 ,-1.569450 ,2.000000  
5.423090  ,-6.505574 ,-1.587414 ,2.000000  ,5.384972  ,-6.422708 ,-1.566122 ,2.000000  
5.422460  ,-6.565571 ,-1.584528 ,2.000000  ,5.393998  ,-6.460005 ,-1.573200 ,2.000000  
5.422254  ,-6.585570 ,-1.583971 ,2.000000  ,5.401052  ,-6.510804 ,-1.572296 ,2.000000  
5.421360  ,-6.645563 ,-1.585281 ,2.000000  ,5.405868  ,-6.544903 ,-1.575334 ,2.000000  
5.420618  ,-6.685556 ,-1.586887 ,2.000000  ,5.407265  ,-6.574804 ,-1.576810 ,2.000000  
5.418860  ,-6.765537 ,-1.590501 ,2.000000  ,5.404671  ,-6.635177 ,-1.579152 ,2.000000  
5.417857  ,-6.805524 ,-1.592361 ,2.000000  ,5.383184  ,-6.735877 ,-1.569694 ,2.000000  
5.416238  ,-6.865502 ,-1.594786 ,2.000000  ,5.384408  ,-6.806782 ,-1.573248 ,2.000000  
5.415310  ,-6.905492 ,-1.594216 ,2.000000  ,5.394874  ,-6.878531 ,-1.580200 ,2.000000  
5.414511  ,-6.945484 ,-1.592793 ,2.000000  ,5.389052  ,-6.942051 ,-1.577844 ,2.000000  
5.413508  ,-7.005475 ,-1.590093 ,2.000000  ,5.386620  ,-7.017273 ,-1.577592 ,2.000000  
5.413209  ,-7.025473 ,-1.589265 ,2.000000  ,5.370940  ,-7.100259 ,-1.568517 ,2.000000  
5.412944  ,-7.045471 ,-1.588256 ,2.000000  ,5.364275  ,-7.159130 ,-1.564637 ,2.000000  
5.412460  ,-7.085468 ,-1.586396 ,2.000000  ,5.364079  ,-7.197482 ,-1.562836 ,2.000000  
5.412241  ,-7.105467 ,-1.585549 ,2.000000  ,5.367286  ,-7.232577 ,-1.562509 ,2.000000  
5.412055  ,-7.125466 ,-1.584528 ,2.000000  ,5.370609  ,-7.247731 ,-1.562698 ,2.000000  
5.411862  ,-7.145465 ,-1.583824 ,2.000000  ,5.375312  ,-7.272960 ,-1.562057 ,2.000000  
5.411366  ,-7.185462 ,-1.583931 ,2.000000  ,5.378327  ,-7.310181 ,-1.562705 ,2.000000  
5.411068  ,-7.205460 ,-1.584400 ,2.000000  ,5.381465  ,-7.367640 ,-1.562903 ,2.000000  
5.410727  ,-7.225457 ,-1.585197 ,2.000000  ,5.382573  ,-7.415198 ,-1.563017 ,2.000000  
5.409980  ,-7.265450 ,-1.586857 ,2.000000  ,5.383861  ,-7.424130 ,-1.565369 ,2.000000  
5.409577  ,-7.285446 ,-1.587659 ,2.000000  ,5.380884  ,-7.454693 ,-1.566306 ,2.000000  
5.408721  ,-7.325437 ,-1.589193 ,2.000000  ,5.378302  ,-7.469767 ,-1.567083 ,2.000000  
5.408024  ,-7.365431 ,-1.588605 ,2.000000  ,5.374762  ,-7.506655 ,-1.568415 ,2.000000  
5.406986  ,-7.445424 ,-1.585458 ,2.000000  ,5.369156  ,-7.562095 ,-1.567507 ,2.000000  
5.406792  ,-7.465423 ,-1.584471 ,2.000000  ,5.366709  ,-7.648287 ,-1.562365 ,2.000000  
5.406282  ,-7.525421 ,-1.582082 ,2.000000  ,5.373128  ,-7.671346 ,-1.561958 ,2.000000  
5.405796  ,-7.565418 ,-1.582660 ,2.000000  ,5.375566  ,-7.753373 ,-1.562197 ,2.000000  
5.404828  ,-7.625410 ,-1.585010 ,2.000000  ,5.376148  ,-7.783043 ,-1.562163 ,2.000000  
5.404065  ,-7.665403 ,-1.586788 ,2.000000  ,5.373971  ,-7.819767 ,-1.562992 ,2.000000  
5.402929  ,-7.725392 ,-1.587954 ,2.000000  ,5.379499  ,-7.846285 ,-1.569439 ,2.000000  
5.402085  ,-7.785386 ,-1.586116 ,2.000000  ,5.372958  ,-7.910941 ,-1.568978 ,2.000000  
5.401850  ,-7.805384 ,-1.585378 ,2.000000  ,5.374676  ,-7.986105 ,-1.570164 ,2.000000  
5.401463  ,-7.845383 ,-1.583612 ,2.000000  ,5.374017  ,-8.002621 ,-1.565121 ,2.000000  
5.401148  ,-7.885381 ,-1.581924 ,2.000000  ,5.374054  ,-8.041497 ,-1.563804 ,2.000000  
5.400781  ,-7.925380 ,-1.581433 ,2.000000  ,5.378075  ,-8.078171 ,-1.561725 ,2.000000  
5.399960  ,-7.985374 ,-1.583268 ,2.000000  ,5.378069  ,-8.124743 ,-1.562455 ,2.000000  
5.399282  ,-8.025368 ,-1.584961 ,2.000000  ,5.371245  ,-8.158601 ,-1.562446 ,2.000000  
5.398514  ,-8.065361 ,-1.586769 ,2.000000  ,5.373595  ,-8.187146 ,-1.562744 ,2.000000  
5.397664  ,-8.105352 ,-1.588618 ,2.000000  ,5.377098  ,-8.221423 ,-1.571132 ,2.000000  
5.396819  ,-8.145343 ,-1.589578 ,2.000000  ,5.381211  ,-8.239624 ,-1.572430 ,2.000000  
5.395844  ,-8.205335 ,-1.587937 ,2.000000  ,5.395888  ,-8.256031 ,-1.581958 ,2.000000  
5.395102  ,-8.265330 ,-1.585474 ,2.000000  ,5.387465  ,-8.299390 ,-1.572457 ,2.000000  
5.394723  ,-8.305328 ,-1.583647 ,2.000000  ,5.376087  ,-8.354954 ,-1.568022 ,2.000000  
5.394572  ,-8.325328 ,-1.582636 ,2.000000  ,5.374377  ,-8.385695 ,-1.565887 ,2.000000  
5.394314  ,-8.365327 ,-1.580773 ,2.000000  ,5.385907  ,-8.408141 ,-1.571863 ,2.000000  
5.393774  ,-8.425324 ,-1.580790 ,2.000000  ,5.389841  ,-8.411744 ,-1.572762 ,2.000000  
5.393235  ,-8.465321 ,-1.582213 ,2.000000  ,5.393948  ,-8.466667 ,-1.573365 ,2.000000  
5.392920  ,-8.485318 ,-1.583136 ,2.000000  ,5.389867  ,-8.499666 ,-1.574684 ,2.000000  
5.392233  ,-8.525312 ,-1.584914 ,2.000000  ,5.390254  ,-8.506695 ,-1.575534 ,2.000000  
5.391461  ,-8.565305 ,-1.586751 ,2.000000  ,5.384980  ,-8.527205 ,-1.575912 ,2.000000  
5.390752  ,-8.605299 ,-1.587095 ,2.000000  ,5.380644  ,-8.545775 ,-1.572778 ,2.000000  
5.390451  ,-8.625296 ,-1.586723 ,2.000000  ,5.382137  ,-8.581158 ,-1.576226 ,2.000000  
5.389753  ,-8.685292 ,-1.584373 ,2.000000  ,5.378075  ,-8.585159 ,-1.576025 ,2.000000  
5.389560  ,-8.705291 ,-1.583581 ,2.000000  ,5.360734  ,-8.640861 ,-1.564738 ,2.000000  
5.389242  ,-8.745290 ,-1.581912 ,2.000000  ,5.371410  ,-8.644780 ,-1.574780 ,2.000000  
5.389068  ,-8.765289 ,-1.581515 ,2.000000  ,5.377704  ,-8.700115 ,-1.572872 ,2.000000  
5.388492  ,-8.825286 ,-1.581211 ,2.000000  ,5.376892  ,-8.734124 ,-1.573642 ,2.000000  
5.387330  ,-8.905278 ,-1.583977 ,2.000000  ,5.377501  ,-8.764299 ,-1.572442 ,2.000000  
5.386200  ,-8.965267 ,-1.586762 ,2.000000  ,5.364939  ,-8.840366 ,-1.564871 ,2.000000  
5.385059  ,-9.025256 ,-1.587947 ,2.000000  ,5.361608  ,-8.901965 ,-1.568578 ,2.000000  
5.384460  ,-9.065252 ,-1.586946 ,2.000000  ,5.357497  ,-8.987740 ,-1.570699 ,2.000000  
5.383976  ,-9.105249 ,-1.585376 ,2.000000  ,5.354304  ,-9.043025 ,-1.567345 ,2.000000  
5.383434  ,-9.165246 ,-1.582613 ,2.000000  ,5.348647  ,-9.115007 ,-1.563798 ,2.000000  
5.383173  ,-9.205246 ,-1.580764 ,2.000000  ,5.332501  ,-9.216226 ,-1.560313 ,2.000000  
5.382630  ,-9.265243 ,-1.580787 ,2.000000  ,5.347298  ,-9.319705 ,-1.567063 ,2.000000  
5.382090  ,-9.305239 ,-1.582212 ,2.000000  ,5.351212  ,-9.402857 ,-1.568379 ,2.000000  
5.381774  ,-9.325237 ,-1.583135 ,2.000000  ,5.358360  ,-9.468567 ,-1.569729 ,2.000000  
5.381449  ,-9.345234 ,-1.583927 ,2.000000  ,5.343441  ,-9.514262 ,-1.561816 ,2.000000  
5.379917  ,-9.425219 ,-1.587447 ,2.000000  ,5.334858  ,-9.554542 ,-1.559463 ,2.000000  
5.379159  ,-9.465212 ,-1.588090 ,2.000000  ,5.333635  ,-9.646362 ,-1.563845 ,2.000000  
5.378136  ,-9.525203 ,-1.587604 ,2.000000  ,5.333997  ,-9.693308 ,-1.563241 ,2.000000  
5.377374  ,-9.585199 ,-1.585404 ,2.000000  ,5.336665  ,-9.752902 ,-1.562823 ,2.000000  
5.376690  ,-9.665196 ,-1.581782 ,2.000000  ,5.339722  ,-9.803123 ,-1.561947 ,2.000000  
5.376576  ,-9.685195 ,-1.580767 ,2.000000  ,5.354798  ,-9.895914 ,-1.569927 ,2.000000  
5.376302  ,-9.745195 ,-1.578345 ,2.000000  ,5.361174  ,-9.931114 ,-1.570468 ,2.000000  
5.376148  ,-9.765194 ,-1.578546 ,2.000000  ,5.369866  ,-9.983826 ,-1.569731 ,2.000000  
5.375228  ,-9.845189 ,-1.581262 ,2.000000  ,5.369911  ,-10.014306,-1.571500 ,2.000000  
5.374940  ,-9.865187 ,-1.582053 ,2.000000  ,5.365589  ,-10.074193,-1.571343 ,2.000000  
5.374285  ,-9.905181 ,-1.583868 ,2.000000  ,5.363586  ,-10.090312,-1.570415 ,2.000000  
5.373141  ,-9.965170 ,-1.586736 ,2.000000  ,5.346776  ,-10.148426,-1.564576 ,2.000000  
5.372357  ,-10.005163,-1.587847 ,2.000000  ,5.347566  ,-10.167135,-1.566449 ,2.000000  
5.371683  ,-10.045157,-1.587469 ,2.000000  ,5.333940  ,-10.224301,-1.566664 ,2.000000  
5.370710  ,-10.125151,-1.584420 ,2.000000  ,5.333418  ,-10.256011,-1.566850 ,2.000000  
5.370520  ,-10.145150,-1.583610 ,2.000000  ,5.329007  ,-10.312782,-1.561717 ,2.000000  
5.369983  ,-10.225148,-1.580065 ,2.000000  ,5.348342  ,-10.363098,-1.569622 ,2.000000  
5.369332  ,-10.305145,-1.579954 ,2.000000  ,5.357627  ,-10.392978,-1.571704 ,2.000000  
5.369101  ,-10.325144,-1.580514 ,2.000000  ,5.366759  ,-10.452267,-1.573209 ,2.000000  
5.368829  ,-10.345142,-1.581366 ,2.000000  ,5.366390  ,-10.491369,-1.574449 ,2.000000  
5.367159  ,-10.445128,-1.585728 ,2.000000  ,5.364147  ,-10.513436,-1.571573 ,2.000000  
5.365110  ,-10.545107,-1.588961 ,2.000000  ,5.352583  ,-10.553779,-1.566751 ,2.000000  
5.364477  ,-10.585102,-1.587852 ,2.000000  ,5.344988  ,-10.666496,-1.567768 ,2.000000  
5.364197  ,-10.605100,-1.587169 ,2.000000  ,5.342699  ,-10.676957,-1.565846 ,2.000000  
5.363532  ,-10.665096,-1.584468 ,2.000000  ,5.345263  ,-10.698849,-1.568489 ,2.000000  
5.363193  ,-10.705095,-1.582631 ,2.000000  ,5.347721  ,-10.720998,-1.563605 ,2.000000  
5.362934  ,-10.745094,-1.580771 ,2.000000  ,5.344908  ,-10.731657,-1.564116 ,2.000000  
5.362754  ,-10.785093,-1.578903 ,2.000000  ,5.355859  ,-10.798014,-1.570688 ,2.000000  
5.361865  ,-10.885089,-1.580339 ,2.000000  ,5.361257  ,-10.794426,-1.570907 ,2.000000  
5.361299  ,-10.925085,-1.582053 ,2.000000  ,5.366236  ,-10.872389,-1.572583 ,2.000000  
5.360644  ,-10.965080,-1.583868 ,2.000000  ,5.368219  ,-10.897954,-1.573504 ,2.000000  
5.359906  ,-11.005073,-1.585719 ,2.000000  ,5.358690  ,-10.926211,-1.567231 ,2.000000  
5.358788  ,-11.065062,-1.587089 ,2.000000  ,5.358790  ,-10.957306,-1.569992 ,2.000000  
